,B,I,,,,
,-50,0,,,,
,-49.97558,-0.7541405,,,,
,-49.95116,-2.351702,,,,
,-49.92674,-3.369091,,,,
,-49.90232,-3.816782,,,,
,-49.8779,-3.77828,,,,
,-49.85348,-3.786893,,,,
,-49.82906,-3.567099,,,,
,-49.80464,-3.337396,,,,
,-49.78022,-3.115116,,,,
,-49.7558,-2.868012,,,,
,-49.73138,-2.657058,,,,
,-49.70696,-2.460586,,,,
,-49.68254,-2.308448,,,,
,-49.65812,-2.154412,,,,
,-49.6337,-2.082413,,,,
,-49.60928,-2.111125,,,,
,-49.58486,-2.157151,,,,
,-49.56044,-2.109363,,,,
,-49.53602,-2.027409,,,,
,-49.5116,-1.99651,,,,
,-49.48718,-1.932653,,,,
,-49.46276,-1.84548,,,,
,-49.43834,-1.743491,,,,
,-49.41392,-1.560173,,,,
,-49.3895,-1.366023,,,,
,-49.36508,-1.150123,,,,
,-49.34066,-0.8794206,,,,
,-49.31624,-0.5818026,,,,
,-49.29182,-0.299695,,,,
,-49.2674,-0.008264743,,,,
,-49.24298,0.3289845,,,,
,-49.21856,0.6693475,,,,
,-49.19414,0.9893007,,,,
,-49.16972,1.259174,,,,
,-49.1453,1.50122,,,,
,-49.12088,1.70511,,,,
,-49.09646,1.917857,,,,
,-49.07204,2.164112,,,,
,-49.04762,2.40406,,,,
,-49.0232,2.618532,,,,
,-48.99878,2.779257,,,,
,-48.97436,2.885937,,,,
,-48.94994,2.931246,,,,
,-48.92552,2.945793,,,,
,-48.9011,2.965181,,,,
,-48.87668,2.99248,,,,
,-48.85226,3.04383,,,,
,-48.82784,3.064617,,,,
,-48.80342,3.008419,,,,
,-48.779,2.940066,,,,
,-48.75458,2.89523,,,,
,-48.73016,2.865808,,,,
,-48.70574,2.846662,,,,
,-48.68132,2.771113,,,,
,-48.6569,2.618166,,,,
,-48.63248,2.416213,,,,
,-48.60806,2.177191,,,,
,-48.58364,1.897738,,,,
,-48.55922,1.633396,,,,
,-48.5348,1.474187,,,,
,-48.51038,1.450046,,,,
,-48.48596,1.445586,,,,
,-48.46154,1.458436,,,,
,-48.43712,1.52041,,,,
,-48.4127,1.599294,,,,
,-48.38828,1.684019,,,,
,-48.36386,1.782028,,,,
,-48.33944,1.874053,,,,
,-48.31502,1.929524,,,,
,-48.2906,1.905935,,,,
,-48.26618,1.847563,,,,
,-48.24176,1.782689,,,,
,-48.21734,1.730031,,,,
,-48.19292,1.669132,,,,
,-48.1685,1.603363,,,,
,-48.14408,1.569774,,,,
,-48.11966,1.581613,,,,
,-48.09524,1.597083,,,,
,-48.07082,1.619611,,,,
,-48.0464,1.643597,,,,
,-48.02198,1.664082,,,,
,-47.99756,1.709164,,,,
,-47.97314,1.814892,,,,
,-47.94872,2.025899,,,,
,-47.9243,2.265617,,,,
,-47.89988,2.483709,,,,
,-47.87546,2.692952,,,,
,-47.85104,2.889768,,,,
,-47.82662,3.083355,,,,
,-47.8022,3.250879,,,,
,-47.77778,3.33425,,,,
,-47.75336,3.4351,,,,
,-47.72894,3.597068,,,,
,-47.70452,3.783221,,,,
,-47.6801,3.933649,,,,
,-47.65568,4.115444,,,,
,-47.63126,4.315336,,,,
,-47.60684,4.481789,,,,
,-47.58242,4.609195,,,,
,-47.558,4.668982,,,,
,-47.53358,4.668694,,,,
,-47.50916,4.657088,,,,
,-47.48474,4.646727,,,,
,-47.46032,4.68809,,,,
,-47.4359,4.743032,,,,
,-47.41148,4.772404,,,,
,-47.38706,4.774155,,,,
,-47.36264,4.730153,,,,
,-47.33822,4.625486,,,,
,-47.3138,4.475244,,,,
,-47.28938,4.305959,,,,
,-47.26496,4.084772,,,,
,-47.24054,3.927063,,,,
,-47.21612,3.816831,,,,
,-47.1917,3.669491,,,,
,-47.16728,3.458438,,,,
,-47.14286,3.211788,,,,
,-47.11844,2.968646,,,,
,-47.09402,2.738012,,,,
,-47.0696,2.544604,,,,
,-47.04518,2.387467,,,,
,-47.02076,2.235319,,,,
,-46.99634,2.096199,,,,
,-46.97192,1.968379,,,,
,-46.9475,1.861021,,,,
,-46.92308,1.794265,,,,
,-46.89866,1.761279,,,,
,-46.87424,1.752528,,,,
,-46.84982,1.713384,,,,
,-46.8254,1.681513,,,,
,-46.80098,1.650561,,,,
,-46.77656,1.603569,,,,
,-46.75214,1.539151,,,,
,-46.72772,1.521514,,,,
,-46.7033,1.577599,,,,
,-46.67888,1.650779,,,,
,-46.65446,1.673405,,,,
,-46.63004,1.666409,,,,
,-46.60562,1.650931,,,,
,-46.5812,1.604716,,,,
,-46.55678,1.556274,,,,
,-46.53236,1.492891,,,,
,-46.50794,1.446729,,,,
,-46.48352,1.391292,,,,
,-46.4591,1.32148,,,,
,-46.43468,1.242502,,,,
,-46.41026,1.184672,,,,
,-46.38584,1.149723,,,,
,-46.36142,1.167172,,,,
,-46.337,1.274677,,,,
,-46.31258,1.431587,,,,
,-46.28816,1.615762,,,,
,-46.26374,1.794848,,,,
,-46.23932,1.95352,,,,
,-46.2149,2.034702,,,,
,-46.19048,2.092907,,,,
,-46.16606,2.181079,,,,
,-46.14164,2.253153,,,,
,-46.11722,2.327997,,,,
,-46.0928,2.459853,,,,
,-46.06838,2.642643,,,,
,-46.04396,2.824174,,,,
,-46.01954,3.005196,,,,
,-45.99512,3.226535,,,,
,-45.9707,3.514626,,,,
,-45.94628,3.833139,,,,
,-45.92186,4.145668,,,,
,-45.89744,4.397912,,,,
,-45.87302,4.596154,,,,
,-45.8486,4.778457,,,,
,-45.82418,4.925936,,,,
,-45.79976,5.074559,,,,
,-45.77534,5.254438,,,,
,-45.75092,5.415588,,,,
,-45.7265,5.538949,,,,
,-45.70208,5.647944,,,,
,-45.67766,5.774828,,,,
,-45.65324,5.932474,,,,
,-45.62882,6.105884,,,,
,-45.6044,6.234952,,,,
,-45.57998,6.299373,,,,
,-45.55556,6.291251,,,,
,-45.53114,6.187061,,,,
,-45.50672,6.065821,,,,
,-45.4823,5.968664,,,,
,-45.45788,5.870168,,,,
,-45.43346,5.782582,,,,
,-45.40904,5.751577,,,,
,-45.38462,5.730143,,,,
,-45.3602,5.685064,,,,
,-45.33578,5.604677,,,,
,-45.31136,5.542882,,,,
,-45.28694,5.488086,,,,
,-45.26252,5.406658,,,,
,-45.2381,5.31301,,,,
,-45.21368,5.302595,,,,
,-45.18926,5.270802,,,,
,-45.16484,5.190115,,,,
,-45.14042,5.099617,,,,
,-45.116,5.012996,,,,
,-45.09158,4.903632,,,,
,-45.06716,4.737765,,,,
,-45.04274,4.555895,,,,
,-45.01832,4.326407,,,,
,-44.99389,3.957251,,,,
,-44.96947,3.519453,,,,
,-44.94505,3.051884,,,,
,-44.92063,2.527811,,,,
,-44.89621,1.980244,,,,
,-44.87179,1.492156,,,,
,-44.84737,1.04765,,,,
,-44.82295,0.6075718,,,,
,-44.79853,0.2368204,,,,
,-44.77411,-0.04698876,,,,
,-44.74969,-0.271476,,,,
,-44.72527,-0.4093058,,,,
,-44.70085,-0.4927275,,,,
,-44.67643,-0.5328744,,,,
,-44.65201,-0.4881508,,,,
,-44.62759,-0.4113749,,,,
,-44.60317,-0.3365884,,,,
,-44.57875,-0.2298184,,,,
,-44.55433,-0.07599734,,,,
,-44.52991,0.1040923,,,,
,-44.50549,0.2584465,,,,
,-44.48107,0.3412208,,,,
,-44.45665,0.365491,,,,
,-44.43223,0.3969874,,,,
,-44.40781,0.4685642,,,,
,-44.38339,0.549412,,,,
,-44.35897,0.6505191,,,,
,-44.33455,0.8158239,,,,
,-44.31013,1.0198,,,,
,-44.28571,1.214009,,,,
,-44.26129,1.388729,,,,
,-44.23687,1.545553,,,,
,-44.21245,1.659338,,,,
,-44.18803,1.762476,,,,
,-44.16361,1.885563,,,,
,-44.13919,2.034536,,,,
,-44.11477,2.222386,,,,
,-44.09035,2.424248,,,,
,-44.06593,2.616092,,,,
,-44.04151,2.749437,,,,
,-44.01709,2.802549,,,,
,-43.99267,2.768078,,,,
,-43.96825,2.719606,,,,
,-43.94383,2.705589,,,,
,-43.91941,2.706735,,,,
,-43.89499,2.698624,,,,
,-43.87057,2.670396,,,,
,-43.84615,2.674718,,,,
,-43.82173,2.691006,,,,
,-43.79731,2.648019,,,,
,-43.77289,2.571181,,,,
,-43.74847,2.49638,,,,
,-43.72405,2.465528,,,,
,-43.69963,2.479884,,,,
,-43.67521,2.530899,,,,
,-43.65079,2.596592,,,,
,-43.62637,2.626645,,,,
,-43.60195,2.62421,,,,
,-43.57753,2.615408,,,,
,-43.55311,2.574367,,,,
,-43.52869,2.507384,,,,
,-43.50427,2.427705,,,,
,-43.47985,2.332187,,,,
,-43.45543,2.251585,,,,
,-43.43101,2.21281,,,,
,-43.40659,2.199616,,,,
,-43.38217,2.221119,,,,
,-43.35775,2.235691,,,,
,-43.33333,2.160784,,,,
,-43.30891,2.033301,,,,
,-43.28449,1.881963,,,,
,-43.26007,1.755494,,,,
,-43.23565,1.639953,,,,
,-43.21123,1.525273,,,,
,-43.18681,1.375874,,,,
,-43.16239,1.257062,,,,
,-43.13797,1.157046,,,,
,-43.11355,1.090602,,,,
,-43.08913,1.018824,,,,
,-43.06471,0.9754631,,,,
,-43.04029,0.9558477,,,,
,-43.01587,0.9380789,,,,
,-42.99145,0.9377527,,,,
,-42.96703,0.9656366,,,,
,-42.94261,1.013865,,,,
,-42.91819,1.060624,,,,
,-42.89377,1.077897,,,,
,-42.86935,1.10041,,,,
,-42.84493,1.193066,,,,
,-42.82051,1.308255,,,,
,-42.79609,1.420476,,,,
,-42.77167,1.570495,,,,
,-42.74725,1.725247,,,,
,-42.72283,1.846571,,,,
,-42.69841,1.927934,,,,
,-42.67399,1.922841,,,,
,-42.64957,1.901547,,,,
,-42.62515,1.888639,,,,
,-42.60073,1.902942,,,,
,-42.57631,1.988274,,,,
,-42.55189,2.075492,,,,
,-42.52747,2.188126,,,,
,-42.50305,2.270043,,,,
,-42.47863,2.31734,,,,
,-42.45421,2.343709,,,,
,-42.42979,2.30336,,,,
,-42.40537,2.18573,,,,
,-42.38095,2.043211,,,,
,-42.35653,1.908575,,,,
,-42.33211,1.790177,,,,
,-42.30769,1.703624,,,,
,-42.28327,1.663038,,,,
,-42.25885,1.656558,,,,
,-42.23443,1.670888,,,,
,-42.21001,1.701957,,,,
,-42.18559,1.732236,,,,
,-42.16117,1.73325,,,,
,-42.13675,1.718754,,,,
,-42.11233,1.682053,,,,
,-42.08791,1.586505,,,,
,-42.06349,1.469723,,,,
,-42.03907,1.376719,,,,
,-42.01465,1.336149,,,,
,-41.99023,1.384472,,,,
,-41.96581,1.459936,,,,
,-41.94139,1.498543,,,,
,-41.91697,1.533439,,,,
,-41.89255,1.565332,,,,
,-41.86813,1.586565,,,,
,-41.84371,1.615362,,,,
,-41.81929,1.641364,,,,
,-41.79487,1.674643,,,,
,-41.77045,1.712758,,,,
,-41.74603,1.701313,,,,
,-41.72161,1.630992,,,,
,-41.69719,1.523955,,,,
,-41.67277,1.4164,,,,
,-41.64835,1.314423,,,,
,-41.62393,1.191588,,,,
,-41.59951,1.09788,,,,
,-41.57509,1.042014,,,,
,-41.55067,1.023657,,,,
,-41.52625,1.00588,,,,
,-41.50183,0.9519838,,,,
,-41.47741,0.8910254,,,,
,-41.45299,0.85253,,,,
,-41.42857,0.8546396,,,,
,-41.40415,0.8549004,,,,
,-41.37973,0.9126439,,,,
,-41.35531,1.047993,,,,
,-41.33089,1.242086,,,,
,-41.30647,1.447127,,,,
,-41.28205,1.717304,,,,
,-41.25763,2.103683,,,,
,-41.23321,2.60065,,,,
,-41.20879,3.134066,,,,
,-41.18437,3.600543,,,,
,-41.15995,4.082797,,,,
,-41.13553,4.641734,,,,
,-41.11111,5.252386,,,,
,-41.08669,5.834721,,,,
,-41.06227,6.400668,,,,
,-41.03785,6.911582,,,,
,-41.01343,7.362546,,,,
,-40.98901,7.772056,,,,
,-40.96459,8.162499,,,,
,-40.94017,8.535866,,,,
,-40.91575,8.904417,,,,
,-40.89133,9.235279,,,,
,-40.86691,9.561548,,,,
,-40.84249,9.904811,,,,
,-40.81807,10.17651,,,,
,-40.79365,10.40018,,,,
,-40.76923,10.60548,,,,
,-40.74481,10.77394,,,,
,-40.72039,10.97488,,,,
,-40.69597,11.21727,,,,
,-40.67155,11.49175,,,,
,-40.64713,11.79418,,,,
,-40.62271,12.06881,,,,
,-40.59829,12.27572,,,,
,-40.57387,12.35979,,,,
,-40.54945,12.37647,,,,
,-40.52503,12.35325,,,,
,-40.50061,12.31025,,,,
,-40.47619,12.27203,,,,
,-40.45177,12.25336,,,,
,-40.42735,12.23993,,,,
,-40.40293,12.22897,,,,
,-40.37851,12.24337,,,,
,-40.35409,12.32653,,,,
,-40.32967,12.40917,,,,
,-40.30525,12.48882,,,,
,-40.28083,12.59488,,,,
,-40.25641,12.67652,,,,
,-40.23199,12.72454,,,,
,-40.20757,12.7591,,,,
,-40.18315,12.76128,,,,
,-40.15873,12.72732,,,,
,-40.13431,12.69051,,,,
,-40.10989,12.6997,,,,
,-40.08547,12.74025,,,,
,-40.06105,12.74792,,,,
,-40.03663,12.68231,,,,
,-40.01221,12.57052,,,,
,-39.98779,12.44543,,,,
,-39.96337,12.34259,,,,
,-39.93895,12.25586,,,,
,-39.91453,12.19587,,,,
,-39.89011,12.13366,,,,
,-39.86569,12.07829,,,,
,-39.84127,12.01982,,,,
,-39.81685,11.89591,,,,
,-39.79243,11.69041,,,,
,-39.76801,11.48996,,,,
,-39.74359,11.28222,,,,
,-39.71917,10.98884,,,,
,-39.69475,10.6156,,,,
,-39.67033,10.22144,,,,
,-39.64591,9.839911,,,,
,-39.62149,9.480856,,,,
,-39.59707,9.108204,,,,
,-39.57265,8.756774,,,,
,-39.54823,8.435243,,,,
,-39.52381,8.138366,,,,
,-39.49939,7.862989,,,,
,-39.47497,7.579571,,,,
,-39.45055,7.291643,,,,
,-39.42613,6.997583,,,,
,-39.40171,6.700591,,,,
,-39.37729,6.457896,,,,
,-39.35287,6.258056,,,,
,-39.32845,6.104362,,,,
,-39.30403,5.976101,,,,
,-39.27961,5.859904,,,,
,-39.25519,5.682331,,,,
,-39.23077,5.585577,,,,
,-39.20635,5.50639,,,,
,-39.18193,5.39993,,,,
,-39.15751,5.295463,,,,
,-39.13309,5.200333,,,,
,-39.10867,5.126363,,,,
,-39.08425,5.088592,,,,
,-39.05983,5.102748,,,,
,-39.03541,5.202069,,,,
,-39.01099,5.316091,,,,
,-38.98657,5.37456,,,,
,-38.96215,5.410716,,,,
,-38.93773,5.496653,,,,
,-38.91331,5.603547,,,,
,-38.88889,5.748337,,,,
,-38.86447,5.870717,,,,
,-38.84005,5.958695,,,,
,-38.81563,6.070434,,,,
,-38.79121,6.176097,,,,
,-38.76679,6.277049,,,,
,-38.74237,6.374824,,,,
,-38.71795,6.475,,,,
,-38.69353,6.631304,,,,
,-38.66911,6.862165,,,,
,-38.64469,7.071957,,,,
,-38.62027,7.21861,,,,
,-38.59585,7.35604,,,,
,-38.57143,7.515562,,,,
,-38.54701,7.674609,,,,
,-38.52259,7.833321,,,,
,-38.49817,8.017721,,,,
,-38.47375,8.236646,,,,
,-38.44933,8.395698,,,,
,-38.42491,8.565321,,,,
,-38.40049,8.727864,,,,
,-38.37607,8.869609,,,,
,-38.35165,8.967551,,,,
,-38.32723,8.955261,,,,
,-38.30281,8.88163,,,,
,-38.27839,8.718573,,,,
,-38.25397,8.509655,,,,
,-38.22955,8.246212,,,,
,-38.20513,7.963908,,,,
,-38.18071,7.68897,,,,
,-38.15629,7.495627,,,,
,-38.13187,7.357029,,,,
,-38.10745,7.251548,,,,
,-38.08303,7.200525,,,,
,-38.05861,7.215588,,,,
,-38.03419,7.26657,,,,
,-38.00977,7.312643,,,,
,-37.98535,7.361239,,,,
,-37.96093,7.457918,,,,
,-37.93651,7.644502,,,,
,-37.91209,7.836469,,,,
,-37.88767,8.018032,,,,
,-37.86325,8.170053,,,,
,-37.83883,8.318424,,,,
,-37.81441,8.496326,,,,
,-37.78999,8.701353,,,,
,-37.76557,8.896805,,,,
,-37.74115,9.12403,,,,
,-37.71673,9.378535,,,,
,-37.69231,9.622873,,,,
,-37.66789,9.854222,,,,
,-37.64347,10.06497,,,,
,-37.61905,10.18992,,,,
,-37.59463,10.21899,,,,
,-37.57021,10.22776,,,,
,-37.54579,10.24081,,,,
,-37.52137,10.26726,,,,
,-37.49695,10.32711,,,,
,-37.47253,10.42607,,,,
,-37.44811,10.5434,,,,
,-37.42369,10.65087,,,,
,-37.39927,10.75306,,,,
,-37.37485,10.83162,,,,
,-37.35043,10.85623,,,,
,-37.32601,10.84406,,,,
,-37.30159,10.79138,,,,
,-37.27717,10.68935,,,,
,-37.25275,10.55974,,,,
,-37.22833,10.50463,,,,
,-37.20391,10.51415,,,,
,-37.17949,10.51281,,,,
,-37.15507,10.46902,,,,
,-37.13065,10.44061,,,,
,-37.10623,10.42714,,,,
,-37.08181,10.41015,,,,
,-37.05739,10.34571,,,,
,-37.03297,10.22947,,,,
,-37.00855,10.06711,,,,
,-36.98413,9.924297,,,,
,-36.95971,9.804993,,,,
,-36.93529,9.72433,,,,
,-36.91087,9.663577,,,,
,-36.88645,9.636239,,,,
,-36.86203,9.609329,,,,
,-36.83761,9.567313,,,,
,-36.81319,9.483347,,,,
,-36.78877,9.385626,,,,
,-36.76435,9.314616,,,,
,-36.73993,9.29783,,,,
,-36.71551,9.299059,,,,
,-36.69109,9.297506,,,,
,-36.66667,9.286522,,,,
,-36.64225,9.208152,,,,
,-36.61783,9.143148,,,,
,-36.59341,9.136454,,,,
,-36.56899,9.156699,,,,
,-36.54457,9.1929,,,,
,-36.52015,9.25731,,,,
,-36.49573,9.356663,,,,
,-36.47131,9.474524,,,,
,-36.44689,9.572346,,,,
,-36.42247,9.668998,,,,
,-36.39805,9.805062,,,,
,-36.37363,9.937707,,,,
,-36.34921,10.089,,,,
,-36.32479,10.29208,,,,
,-36.30037,10.51498,,,,
,-36.27595,10.731,,,,
,-36.25153,10.89968,,,,
,-36.22711,10.97357,,,,
,-36.20269,10.99638,,,,
,-36.17827,10.98224,,,,
,-36.15385,10.9036,,,,
,-36.12943,10.7934,,,,
,-36.10501,10.67218,,,,
,-36.08059,10.53562,,,,
,-36.05617,10.41319,,,,
,-36.03175,10.27569,,,,
,-36.00733,10.07464,,,,
,-35.98291,9.91403,,,,
,-35.95849,9.850537,,,,
,-35.93407,9.839153,,,,
,-35.90965,9.799381,,,,
,-35.88523,9.70713,,,,
,-35.86081,9.577124,,,,
,-35.83639,9.428586,,,,
,-35.81197,9.371716,,,,
,-35.78755,9.323075,,,,
,-35.76313,9.308791,,,,
,-35.73871,9.306706,,,,
,-35.71429,9.255573,,,,
,-35.68987,9.164494,,,,
,-35.66545,9.064113,,,,
,-35.64103,8.924551,,,,
,-35.61661,8.731265,,,,
,-35.59219,8.538407,,,,
,-35.56777,8.403337,,,,
,-35.54335,8.369962,,,,
,-35.51893,8.41601,,,,
,-35.49451,8.464739,,,,
,-35.47009,8.529945,,,,
,-35.44567,8.591667,,,,
,-35.42125,8.644707,,,,
,-35.39683,8.684654,,,,
,-35.37241,8.666189,,,,
,-35.34799,8.632674,,,,
,-35.32357,8.635119,,,,
,-35.29915,8.733447,,,,
,-35.27473,8.861473,,,,
,-35.25031,8.972541,,,,
,-35.22589,9.107862,,,,
,-35.20147,9.303833,,,,
,-35.17705,9.500199,,,,
,-35.15263,9.651106,,,,
,-35.12821,9.810795,,,,
,-35.10379,10.04015,,,,
,-35.07937,10.2593,,,,
,-35.05495,10.40096,,,,
,-35.03053,10.45995,,,,
,-35.00611,10.43411,,,,
,-34.98168,10.39208,,,,
,-34.95726,10.41293,,,,
,-34.93284,10.47025,,,,
,-34.90842,10.52808,,,,
,-34.884,10.59208,,,,
,-34.85958,10.65194,,,,
,-34.83516,10.66665,,,,
,-34.81074,10.66477,,,,
,-34.78632,10.67739,,,,
,-34.7619,10.71317,,,,
,-34.73748,10.77553,,,,
,-34.71306,10.84121,,,,
,-34.68864,10.885,,,,
,-34.66422,10.94358,,,,
,-34.6398,11.00283,,,,
,-34.61538,11.06029,,,,
,-34.59096,11.11437,,,,
,-34.56654,11.17179,,,,
,-34.54212,11.24749,,,,
,-34.5177,11.31183,,,,
,-34.49328,11.36002,,,,
,-34.46886,11.3374,,,,
,-34.44444,11.27258,,,,
,-34.42002,11.20128,,,,
,-34.3956,11.09818,,,,
,-34.37118,10.99928,,,,
,-34.34676,10.98852,,,,
,-34.32234,11.01234,,,,
,-34.29792,11.03121,,,,
,-34.2735,10.98789,,,,
,-34.24908,10.96228,,,,
,-34.22466,10.98735,,,,
,-34.20024,11.06418,,,,
,-34.17582,11.11782,,,,
,-34.1514,11.08509,,,,
,-34.12698,11.01101,,,,
,-34.10256,10.91231,,,,
,-34.07814,10.80339,,,,
,-34.05372,10.70269,,,,
,-34.0293,10.6017,,,,
,-34.00488,10.54663,,,,
,-33.98046,10.57089,,,,
,-33.95604,10.6323,,,,
,-33.93162,10.7186,,,,
,-33.9072,10.80227,,,,
,-33.88278,10.90997,,,,
,-33.85836,11.05384,,,,
,-33.83394,11.20803,,,,
,-33.80952,11.42788,,,,
,-33.7851,11.66523,,,,
,-33.76068,11.86342,,,,
,-33.73626,11.98778,,,,
,-33.71184,12.09771,,,,
,-33.68742,12.25818,,,,
,-33.663,12.47935,,,,
,-33.63858,12.70981,,,,
,-33.61416,12.93397,,,,
,-33.58974,13.08816,,,,
,-33.56532,13.17506,,,,
,-33.5409,13.21047,,,,
,-33.51648,13.22042,,,,
,-33.49206,13.23164,,,,
,-33.46764,13.24731,,,,
,-33.44322,13.18479,,,,
,-33.4188,13.02743,,,,
,-33.39438,12.84176,,,,
,-33.36996,12.6192,,,,
,-33.34554,12.44494,,,,
,-33.32112,12.32227,,,,
,-33.2967,12.22765,,,,
,-33.27228,12.18034,,,,
,-33.24786,12.2341,,,,
,-33.22344,12.36107,,,,
,-33.19902,12.55611,,,,
,-33.1746,12.70742,,,,
,-33.15018,12.78919,,,,
,-33.12576,12.81636,,,,
,-33.10134,12.76769,,,,
,-33.07692,12.67259,,,,
,-33.0525,12.53029,,,,
,-33.02808,12.41067,,,,
,-33.00366,12.30062,,,,
,-32.97924,12.16171,,,,
,-32.95482,12.02622,,,,
,-32.9304,11.906,,,,
,-32.90598,11.81528,,,,
,-32.88156,11.73309,,,,
,-32.85714,11.58979,,,,
,-32.83272,11.41618,,,,
,-32.8083,11.23522,,,,
,-32.78388,11.09628,,,,
,-32.75946,11.08085,,,,
,-32.73504,11.11214,,,,
,-32.71062,11.18978,,,,
,-32.6862,11.32205,,,,
,-32.66178,11.52306,,,,
,-32.63736,11.72302,,,,
,-32.61294,11.89583,,,,
,-32.58852,12.05469,,,,
,-32.5641,12.1879,,,,
,-32.53968,12.29558,,,,
,-32.51526,12.36073,,,,
,-32.49084,12.40861,,,,
,-32.46642,12.40145,,,,
,-32.442,12.37787,,,,
,-32.41758,12.38431,,,,
,-32.39316,12.41496,,,,
,-32.36874,12.4728,,,,
,-32.34432,12.56213,,,,
,-32.3199,12.71271,,,,
,-32.29548,12.90308,,,,
,-32.27106,13.09359,,,,
,-32.24664,13.28535,,,,
,-32.22222,13.50707,,,,
,-32.1978,13.715,,,,
,-32.17338,13.92082,,,,
,-32.14896,14.14738,,,,
,-32.12454,14.41785,,,,
,-32.10012,14.71063,,,,
,-32.0757,14.98821,,,,
,-32.05128,15.27105,,,,
,-32.02686,15.50376,,,,
,-32.00244,15.73703,,,,
,-31.97802,15.98236,,,,
,-31.9536,16.16523,,,,
,-31.92918,16.27863,,,,
,-31.90476,16.37486,,,,
,-31.88034,16.51661,,,,
,-31.85592,16.66142,,,,
,-31.8315,16.78911,,,,
,-31.80708,16.87572,,,,
,-31.78266,16.93517,,,,
,-31.75824,16.9282,,,,
,-31.73382,16.82717,,,,
,-31.7094,16.68406,,,,
,-31.68498,16.5162,,,,
,-31.66056,16.33159,,,,
,-31.63614,16.19194,,,,
,-31.61172,16.12865,,,,
,-31.5873,16.04553,,,,
,-31.56288,15.88165,,,,
,-31.53846,15.69694,,,,
,-31.51404,15.47318,,,,
,-31.48962,15.23503,,,,
,-31.4652,14.97403,,,,
,-31.44078,14.70702,,,,
,-31.41636,14.45338,,,,
,-31.39194,14.24906,,,,
,-31.36752,14.13991,,,,
,-31.3431,14.11168,,,,
,-31.31868,14.10714,,,,
,-31.29426,14.13532,,,,
,-31.26984,14.19874,,,,
,-31.24542,14.30748,,,,
,-31.221,14.40458,,,,
,-31.19658,14.43134,,,,
,-31.17216,14.40281,,,,
,-31.14774,14.38758,,,,
,-31.12332,14.34776,,,,
,-31.0989,14.32621,,,,
,-31.07448,14.36719,,,,
,-31.05006,14.50401,,,,
,-31.02564,14.67037,,,,
,-31.00122,14.76476,,,,
,-30.9768,14.85849,,,,
,-30.95238,14.98311,,,,
,-30.92796,15.10908,,,,
,-30.90354,15.24731,,,,
,-30.87912,15.42415,,,,
,-30.8547,15.61343,,,,
,-30.83028,15.81394,,,,
,-30.80586,16.03765,,,,
,-30.78144,16.27385,,,,
,-30.75702,16.54925,,,,
,-30.7326,16.8524,,,,
,-30.70818,17.13749,,,,
,-30.68376,17.43569,,,,
,-30.65934,17.71306,,,,
,-30.63492,17.98222,,,,
,-30.6105,18.2527,,,,
,-30.58608,18.49686,,,,
,-30.56166,18.70012,,,,
,-30.53724,18.83813,,,,
,-30.51282,18.97682,,,,
,-30.4884,19.17884,,,,
,-30.46398,19.42609,,,,
,-30.43956,19.67244,,,,
,-30.41514,19.90398,,,,
,-30.39072,20.1402,,,,
,-30.3663,20.36622,,,,
,-30.34188,20.59287,,,,
,-30.31746,20.80925,,,,
,-30.29304,21.03475,,,,
,-30.26862,21.266,,,,
,-30.2442,21.4853,,,,
,-30.21978,21.6317,,,,
,-30.19536,21.74713,,,,
,-30.17094,21.86196,,,,
,-30.14652,21.92538,,,,
,-30.1221,21.97488,,,,
,-30.09768,22.05499,,,,
,-30.07326,22.13542,,,,
,-30.04884,22.24582,,,,
,-30.02442,22.40356,,,,
,-30,22.54937,,,,
,-29.97558,22.72369,,,,
,-29.95116,22.95847,,,,
,-29.92674,23.16358,,,,
,-29.90232,23.31039,,,,
,-29.8779,23.37243,,,,
,-29.85348,23.29438,,,,
,-29.82906,23.08557,,,,
,-29.80464,22.81836,,,,
,-29.78022,22.47533,,,,
,-29.7558,22.0731,,,,
,-29.73138,21.67006,,,,
,-29.70696,21.36127,,,,
,-29.68254,21.07981,,,,
,-29.65812,20.81343,,,,
,-29.6337,20.57416,,,,
,-29.60928,20.3237,,,,
,-29.58486,20.07972,,,,
,-29.56044,19.85198,,,,
,-29.53602,19.6114,,,,
,-29.5116,19.37204,,,,
,-29.48718,19.14761,,,,
,-29.46276,19.00402,,,,
,-29.43834,18.87911,,,,
,-29.41392,18.69874,,,,
,-29.3895,18.56579,,,,
,-29.36508,18.39088,,,,
,-29.34066,18.20799,,,,
,-29.31624,18.06218,,,,
,-29.29182,17.91446,,,,
,-29.2674,17.75513,,,,
,-29.24298,17.52585,,,,
,-29.21856,17.30563,,,,
,-29.19414,17.10448,,,,
,-29.16972,16.95592,,,,
,-29.1453,16.85503,,,,
,-29.12088,16.74555,,,,
,-29.09646,16.63837,,,,
,-29.07204,16.53057,,,,
,-29.04762,16.44379,,,,
,-29.0232,16.49574,,,,
,-28.99878,16.56307,,,,
,-28.97436,16.58827,,,,
,-28.94994,16.61543,,,,
,-28.92552,16.67047,,,,
,-28.9011,16.76408,,,,
,-28.87668,16.86129,,,,
,-28.85226,16.90222,,,,
,-28.82784,16.91628,,,,
,-28.80342,16.9582,,,,
,-28.779,17.03499,,,,
,-28.75458,17.08541,,,,
,-28.73016,17.13795,,,,
,-28.70574,17.24302,,,,
,-28.68132,17.38377,,,,
,-28.6569,17.47196,,,,
,-28.63248,17.51061,,,,
,-28.60806,17.58475,,,,
,-28.58364,17.67984,,,,
,-28.55922,17.77462,,,,
,-28.5348,17.82557,,,,
,-28.51038,17.84261,,,,
,-28.48596,17.83292,,,,
,-28.46154,17.81125,,,,
,-28.43712,17.8213,,,,
,-28.4127,17.87143,,,,
,-28.38828,17.97855,,,,
,-28.36386,18.11633,,,,
,-28.33944,18.22945,,,,
,-28.31502,18.34427,,,,
,-28.2906,18.45625,,,,
,-28.26618,18.55062,,,,
,-28.24176,18.61117,,,,
,-28.21734,18.58737,,,,
,-28.19292,18.61055,,,,
,-28.1685,18.6409,,,,
,-28.14408,18.63909,,,,
,-28.11966,18.67018,,,,
,-28.09524,18.72065,,,,
,-28.07082,18.73998,,,,
,-28.0464,18.70239,,,,
,-28.02198,18.63922,,,,
,-27.99756,18.56836,,,,
,-27.97314,18.43186,,,,
,-27.94872,18.24004,,,,
,-27.9243,18.03941,,,,
,-27.89988,17.85065,,,,
,-27.87546,17.69933,,,,
,-27.85104,17.53216,,,,
,-27.82662,17.38412,,,,
,-27.8022,17.27933,,,,
,-27.77778,17.26152,,,,
,-27.75336,17.26692,,,,
,-27.72894,17.23273,,,,
,-27.70452,17.16682,,,,
,-27.6801,17.1278,,,,
,-27.65568,17.115,,,,
,-27.63126,17.07266,,,,
,-27.60684,16.98391,,,,
,-27.58242,16.8871,,,,
,-27.558,16.79419,,,,
,-27.53358,16.70627,,,,
,-27.50916,16.66612,,,,
,-27.48474,16.61622,,,,
,-27.46032,16.51999,,,,
,-27.4359,16.39356,,,,
,-27.41148,16.24579,,,,
,-27.38706,16.13986,,,,
,-27.36264,16.10243,,,,
,-27.33822,16.13085,,,,
,-27.3138,16.25685,,,,
,-27.28938,16.44097,,,,
,-27.26496,16.59265,,,,
,-27.24054,16.70493,,,,
,-27.21612,16.71593,,,,
,-27.1917,16.67096,,,,
,-27.16728,16.57087,,,,
,-27.14286,16.43169,,,,
,-27.11844,16.33353,,,,
,-27.09402,16.27083,,,,
,-27.0696,16.24295,,,,
,-27.04518,16.28036,,,,
,-27.02076,16.31711,,,,
,-26.99634,16.36232,,,,
,-26.97192,16.42587,,,,
,-26.9475,16.53139,,,,
,-26.92308,16.6734,,,,
,-26.89866,16.8325,,,,
,-26.87424,17.01475,,,,
,-26.84982,17.19851,,,,
,-26.8254,17.39303,,,,
,-26.80098,17.68445,,,,
,-26.77656,18.05078,,,,
,-26.75214,18.33904,,,,
,-26.72772,18.58482,,,,
,-26.7033,18.83259,,,,
,-26.67888,19.09741,,,,
,-26.65446,19.36074,,,,
,-26.63004,19.59345,,,,
,-26.60562,19.794,,,,
,-26.5812,20.02693,,,,
,-26.55678,20.28491,,,,
,-26.53236,20.57872,,,,
,-26.50794,20.87869,,,,
,-26.48352,21.17424,,,,
,-26.4591,21.45677,,,,
,-26.43468,21.69174,,,,
,-26.41026,21.86647,,,,
,-26.38584,22.00377,,,,
,-26.36142,22.09566,,,,
,-26.337,22.11422,,,,
,-26.31258,22.10316,,,,
,-26.28816,22.11131,,,,
,-26.26374,22.09747,,,,
,-26.23932,22.02432,,,,
,-26.2149,21.91861,,,,
,-26.19048,21.78755,,,,
,-26.16606,21.67667,,,,
,-26.14164,21.59394,,,,
,-26.11722,21.57361,,,,
,-26.0928,21.53633,,,,
,-26.06838,21.46656,,,,
,-26.04396,21.36242,,,,
,-26.01954,21.2267,,,,
,-25.99512,21.06773,,,,
,-25.9707,20.85418,,,,
,-25.94628,20.63117,,,,
,-25.92186,20.41321,,,,
,-25.89744,20.20413,,,,
,-25.87302,20.04564,,,,
,-25.8486,19.89439,,,,
,-25.82418,19.71746,,,,
,-25.79976,19.48829,,,,
,-25.77534,19.26035,,,,
,-25.75092,19.06115,,,,
,-25.7265,18.88789,,,,
,-25.70208,18.74184,,,,
,-25.67766,18.622,,,,
,-25.65324,18.52204,,,,
,-25.62882,18.41128,,,,
,-25.6044,18.27238,,,,
,-25.57998,18.17595,,,,
,-25.55556,18.05182,,,,
,-25.53114,17.9274,,,,
,-25.50672,17.81659,,,,
,-25.4823,17.73899,,,,
,-25.45788,17.71878,,,,
,-25.43346,17.77564,,,,
,-25.40904,17.89941,,,,
,-25.38462,18.07121,,,,
,-25.3602,18.28873,,,,
,-25.33578,18.53855,,,,
,-25.31136,18.82349,,,,
,-25.28694,19.12851,,,,
,-25.26252,19.39932,,,,
,-25.2381,19.63404,,,,
,-25.21368,19.93772,,,,
,-25.18926,20.26366,,,,
,-25.16484,20.60093,,,,
,-25.14042,20.94401,,,,
,-25.116,21.32089,,,,
,-25.09158,21.7099,,,,
,-25.06716,22.06568,,,,
,-25.04274,22.38688,,,,
,-25.01832,22.6887,,,,
,-24.99389,22.98,,,,
,-24.96947,23.25023,,,,
,-24.94505,23.53766,,,,
,-24.92063,23.82809,,,,
,-24.89621,24.10767,,,,
,-24.87179,24.37561,,,,
,-24.84737,24.64924,,,,
,-24.82295,24.94864,,,,
,-24.79853,25.24308,,,,
,-24.77411,25.53172,,,,
,-24.74969,25.91065,,,,
,-24.72527,26.28675,,,,
,-24.70085,26.59474,,,,
,-24.67643,26.86968,,,,
,-24.65201,27.10668,,,,
,-24.62759,27.28657,,,,
,-24.60317,27.39459,,,,
,-24.57875,27.48994,,,,
,-24.55433,27.56865,,,,
,-24.52991,27.67875,,,,
,-24.50549,27.85802,,,,
,-24.48107,27.99222,,,,
,-24.45665,28.06936,,,,
,-24.43223,28.07962,,,,
,-24.40781,28.05416,,,,
,-24.38339,28.03667,,,,
,-24.35897,28.01219,,,,
,-24.33455,27.93468,,,,
,-24.31013,27.84852,,,,
,-24.28571,27.70428,,,,
,-24.26129,27.57226,,,,
,-24.23687,27.4624,,,,
,-24.21245,27.26575,,,,
,-24.18803,26.9868,,,,
,-24.16361,26.70369,,,,
,-24.13919,26.46114,,,,
,-24.11477,26.20441,,,,
,-24.09035,25.99596,,,,
,-24.06593,25.91679,,,,
,-24.04151,25.89371,,,,
,-24.01709,25.90655,,,,
,-23.99267,25.95359,,,,
,-23.96825,25.97702,,,,
,-23.94383,25.95961,,,,
,-23.91941,25.94194,,,,
,-23.89499,25.97312,,,,
,-23.87057,26.05951,,,,
,-23.84615,26.1577,,,,
,-23.82173,26.25088,,,,
,-23.79731,26.3349,,,,
,-23.77289,26.3481,,,,
,-23.74847,26.32388,,,,
,-23.72405,26.29682,,,,
,-23.69963,26.31178,,,,
,-23.67521,26.31037,,,,
,-23.65079,26.34623,,,,
,-23.62637,26.38517,,,,
,-23.60195,26.36343,,,,
,-23.57753,26.2646,,,,
,-23.55311,26.13051,,,,
,-23.52869,25.94595,,,,
,-23.50427,25.75846,,,,
,-23.47985,25.59026,,,,
,-23.45543,25.40112,,,,
,-23.43101,25.16403,,,,
,-23.40659,24.93148,,,,
,-23.38217,24.74337,,,,
,-23.35775,24.59307,,,,
,-23.33333,24.50229,,,,
,-23.30891,24.40272,,,,
,-23.28449,24.27672,,,,
,-23.26007,24.18007,,,,
,-23.23565,24.0904,,,,
,-23.21123,23.97823,,,,
,-23.18681,23.8985,,,,
,-23.16239,23.88609,,,,
,-23.13797,23.91691,,,,
,-23.11355,23.92431,,,,
,-23.08913,23.88043,,,,
,-23.06471,23.78977,,,,
,-23.04029,23.71895,,,,
,-23.01587,23.65474,,,,
,-22.99145,23.52382,,,,
,-22.96703,23.40945,,,,
,-22.94261,23.35394,,,,
,-22.91819,23.35621,,,,
,-22.89377,23.3397,,,,
,-22.86935,23.28502,,,,
,-22.84493,23.20624,,,,
,-22.82051,23.12369,,,,
,-22.79609,23.09085,,,,
,-22.77167,23.15739,,,,
,-22.74725,23.2798,,,,
,-22.72283,23.44996,,,,
,-22.69841,23.6498,,,,
,-22.67399,23.87164,,,,
,-22.64957,24.10834,,,,
,-22.62515,24.35697,,,,
,-22.60073,24.62035,,,,
,-22.57631,24.85656,,,,
,-22.55189,25.05419,,,,
,-22.52747,25.16611,,,,
,-22.50305,25.20536,,,,
,-22.47863,25.21799,,,,
,-22.45421,25.19637,,,,
,-22.42979,25.16615,,,,
,-22.40537,25.16891,,,,
,-22.38095,25.17322,,,,
,-22.35653,25.17215,,,,
,-22.33211,25.16239,,,,
,-22.30769,25.1165,,,,
,-22.28327,25.01085,,,,
,-22.25885,24.90087,,,,
,-22.23443,24.75448,,,,
,-22.21001,24.58982,,,,
,-22.18559,24.48006,,,,
,-22.16117,24.40188,,,,
,-22.13675,24.34146,,,,
,-22.11233,24.2737,,,,
,-22.08791,24.1411,,,,
,-22.06349,24.00825,,,,
,-22.03907,23.9138,,,,
,-22.01465,23.83964,,,,
,-21.99023,23.79336,,,,
,-21.96581,23.82907,,,,
,-21.94139,23.90672,,,,
,-21.91697,24.04648,,,,
,-21.89255,24.19454,,,,
,-21.86813,24.29164,,,,
,-21.84371,24.35904,,,,
,-21.81929,24.36412,,,,
,-21.79487,24.36364,,,,
,-21.77045,24.38293,,,,
,-21.74603,24.44524,,,,
,-21.72161,24.59489,,,,
,-21.69719,24.77879,,,,
,-21.67277,24.98767,,,,
,-21.64835,25.24972,,,,
,-21.62393,25.54656,,,,
,-21.59951,25.79137,,,,
,-21.57509,26.01925,,,,
,-21.55067,26.27649,,,,
,-21.52625,26.54144,,,,
,-21.50183,26.77341,,,,
,-21.47741,26.99228,,,,
,-21.45299,27.22347,,,,
,-21.42857,27.41428,,,,
,-21.40415,27.59682,,,,
,-21.37973,27.77098,,,,
,-21.35531,27.92355,,,,
,-21.33089,28.01904,,,,
,-21.30647,27.98552,,,,
,-21.28205,27.92323,,,,
,-21.25763,27.89092,,,,
,-21.23321,27.90087,,,,
,-21.20879,27.98357,,,,
,-21.18437,28.10293,,,,
,-21.15995,28.27258,,,,
,-21.13553,28.47823,,,,
,-21.11111,28.6753,,,,
,-21.08669,28.82403,,,,
,-21.06227,28.93145,,,,
,-21.03785,28.98964,,,,
,-21.01343,29.02836,,,,
,-20.98901,29.01202,,,,
,-20.96459,28.97836,,,,
,-20.94017,28.97067,,,,
,-20.91575,28.96983,,,,
,-20.89133,28.9767,,,,
,-20.86691,28.97814,,,,
,-20.84249,29.01306,,,,
,-20.81807,29.08916,,,,
,-20.79365,29.19487,,,,
,-20.76923,29.30106,,,,
,-20.74481,29.41461,,,,
,-20.72039,29.54355,,,,
,-20.69597,29.7196,,,,
,-20.67155,29.8951,,,,
,-20.64713,30.09455,,,,
,-20.62271,30.30622,,,,
,-20.59829,30.47009,,,,
,-20.57387,30.63953,,,,
,-20.54945,30.77811,,,,
,-20.52503,30.87189,,,,
,-20.50061,30.94937,,,,
,-20.47619,30.99483,,,,
,-20.45177,31.01685,,,,
,-20.42735,31.06019,,,,
,-20.40293,31.14028,,,,
,-20.37851,31.20326,,,,
,-20.35409,31.26843,,,,
,-20.32967,31.35069,,,,
,-20.30525,31.39311,,,,
,-20.28083,31.32798,,,,
,-20.25641,31.19697,,,,
,-20.23199,31.06626,,,,
,-20.20757,30.97451,,,,
,-20.18315,30.92044,,,,
,-20.15873,30.84727,,,,
,-20.13431,30.78342,,,,
,-20.10989,30.72957,,,,
,-20.08547,30.71629,,,,
,-20.06105,30.73086,,,,
,-20.03663,30.74189,,,,
,-20.01221,30.76543,,,,
,-19.98779,30.80772,,,,
,-19.96337,30.84683,,,,
,-19.93895,30.84148,,,,
,-19.91453,30.81047,,,,
,-19.89011,30.76122,,,,
,-19.86569,30.73907,,,,
,-19.84127,30.7049,,,,
,-19.81685,30.65212,,,,
,-19.79243,30.57708,,,,
,-19.76801,30.58669,,,,
,-19.74359,30.67096,,,,
,-19.71917,30.78352,,,,
,-19.69475,30.93078,,,,
,-19.67033,31.08079,,,,
,-19.64591,31.23536,,,,
,-19.62149,31.3766,,,,
,-19.59707,31.46949,,,,
,-19.57265,31.49968,,,,
,-19.54823,31.45087,,,,
,-19.52381,31.36117,,,,
,-19.49939,31.24024,,,,
,-19.47497,31.12531,,,,
,-19.45055,31.03707,,,,
,-19.42613,30.92943,,,,
,-19.40171,30.78895,,,,
,-19.37729,30.63708,,,,
,-19.35287,30.49412,,,,
,-19.32845,30.38289,,,,
,-19.30403,30.30238,,,,
,-19.27961,30.19427,,,,
,-19.25519,30.08704,,,,
,-19.23077,30.01016,,,,
,-19.20635,29.98598,,,,
,-19.18193,30.03316,,,,
,-19.15751,30.09459,,,,
,-19.13309,30.11206,,,,
,-19.10867,30.10243,,,,
,-19.08425,30.15671,,,,
,-19.05983,30.24414,,,,
,-19.03541,30.32409,,,,
,-19.01099,30.42927,,,,
,-18.98657,30.57644,,,,
,-18.96215,30.74727,,,,
,-18.93773,30.86455,,,,
,-18.91331,30.94249,,,,
,-18.88889,31.02198,,,,
,-18.86447,31.07486,,,,
,-18.84005,31.1355,,,,
,-18.81563,31.1655,,,,
,-18.79121,31.18963,,,,
,-18.76679,31.18616,,,,
,-18.74237,31.19568,,,,
,-18.71795,31.26708,,,,
,-18.69353,31.42204,,,,
,-18.66911,31.63152,,,,
,-18.64469,31.87341,,,,
,-18.62027,32.13946,,,,
,-18.59585,32.43054,,,,
,-18.57143,32.70557,,,,
,-18.54701,32.98388,,,,
,-18.52259,33.25278,,,,
,-18.49817,33.56949,,,,
,-18.47375,33.86968,,,,
,-18.44933,34.05612,,,,
,-18.42491,34.15668,,,,
,-18.40049,34.22841,,,,
,-18.37607,34.27231,,,,
,-18.35165,34.33199,,,,
,-18.32723,34.3801,,,,
,-18.30281,34.37056,,,,
,-18.27839,34.36978,,,,
,-18.25397,34.36525,,,,
,-18.22955,34.31879,,,,
,-18.20513,34.25325,,,,
,-18.18071,34.11856,,,,
,-18.15629,33.90282,,,,
,-18.13187,33.61499,,,,
,-18.10745,33.2496,,,,
,-18.08303,32.86278,,,,
,-18.05861,32.49711,,,,
,-18.03419,32.14267,,,,
,-18.00977,31.82639,,,,
,-17.98535,31.49449,,,,
,-17.96093,31.13152,,,,
,-17.93651,30.77519,,,,
,-17.91209,30.50074,,,,
,-17.88767,30.29618,,,,
,-17.86325,30.11433,,,,
,-17.83883,29.94394,,,,
,-17.81441,29.74929,,,,
,-17.78999,29.52371,,,,
,-17.76557,29.29996,,,,
,-17.74115,29.10657,,,,
,-17.71673,28.92184,,,,
,-17.69231,28.73753,,,,
,-17.66789,28.56149,,,,
,-17.64347,28.3983,,,,
,-17.61905,28.25581,,,,
,-17.59463,28.15295,,,,
,-17.57021,28.07315,,,,
,-17.54579,28.02692,,,,
,-17.52137,28.0355,,,,
,-17.49695,28.08738,,,,
,-17.47253,28.15294,,,,
,-17.44811,28.24742,,,,
,-17.42369,28.4244,,,,
,-17.39927,28.5849,,,,
,-17.37485,28.72956,,,,
,-17.35043,28.909,,,,
,-17.32601,29.08906,,,,
,-17.30159,29.20768,,,,
,-17.27717,29.29063,,,,
,-17.25275,29.41004,,,,
,-17.22833,29.55281,,,,
,-17.20391,29.71127,,,,
,-17.17949,29.90486,,,,
,-17.15507,30.10051,,,,
,-17.13065,30.30021,,,,
,-17.10623,30.49311,,,,
,-17.08181,30.71163,,,,
,-17.05739,30.94855,,,,
,-17.03297,31.11586,,,,
,-17.00855,31.20985,,,,
,-16.98413,31.28916,,,,
,-16.95971,31.35834,,,,
,-16.93529,31.43145,,,,
,-16.91087,31.52834,,,,
,-16.88645,31.68637,,,,
,-16.86203,31.88088,,,,
,-16.83761,32.14356,,,,
,-16.81319,32.38396,,,,
,-16.78877,32.56748,,,,
,-16.76435,32.72236,,,,
,-16.73993,32.85996,,,,
,-16.71551,32.97747,,,,
,-16.69109,33.0965,,,,
,-16.66667,33.22055,,,,
,-16.64225,33.298,,,,
,-16.61783,33.35114,,,,
,-16.59341,33.39736,,,,
,-16.56899,33.43964,,,,
,-16.54457,33.4348,,,,
,-16.52015,33.42189,,,,
,-16.49573,33.4636,,,,
,-16.47131,33.56033,,,,
,-16.44689,33.65801,,,,
,-16.42247,33.70689,,,,
,-16.39805,33.72902,,,,
,-16.37363,33.74437,,,,
,-16.34921,33.82587,,,,
,-16.32479,33.99836,,,,
,-16.30037,34.21721,,,,
,-16.27595,34.39667,,,,
,-16.25153,34.51035,,,,
,-16.22711,34.5704,,,,
,-16.20269,34.61843,,,,
,-16.17827,34.64596,,,,
,-16.15385,34.65837,,,,
,-16.12943,34.70587,,,,
,-16.10501,34.72477,,,,
,-16.08059,34.73146,,,,
,-16.05617,34.79957,,,,
,-16.03175,34.94833,,,,
,-16.00733,35.10496,,,,
,-15.98291,35.29006,,,,
,-15.95849,35.50102,,,,
,-15.93407,35.72394,,,,
,-15.90965,35.89821,,,,
,-15.88523,36.02475,,,,
,-15.86081,36.17014,,,,
,-15.83639,36.31054,,,,
,-15.81197,36.41634,,,,
,-15.78755,36.5555,,,,
,-15.76313,36.71378,,,,
,-15.73871,36.88263,,,,
,-15.71429,37.13505,,,,
,-15.68987,37.44495,,,,
,-15.66545,37.81209,,,,
,-15.64103,38.22796,,,,
,-15.61661,38.65109,,,,
,-15.59219,39.06705,,,,
,-15.56777,39.51381,,,,
,-15.54335,39.93665,,,,
,-15.51893,40.29667,,,,
,-15.49451,40.65048,,,,
,-15.47009,40.99657,,,,
,-15.44567,41.31903,,,,
,-15.42125,41.58681,,,,
,-15.39683,41.76668,,,,
,-15.37241,41.91451,,,,
,-15.34799,42.06771,,,,
,-15.32357,42.20496,,,,
,-15.29915,42.27345,,,,
,-15.27473,42.30577,,,,
,-15.25031,42.35876,,,,
,-15.22589,42.4563,,,,
,-15.20147,42.55381,,,,
,-15.17705,42.61272,,,,
,-15.15263,42.64824,,,,
,-15.12821,42.74913,,,,
,-15.10379,42.92025,,,,
,-15.07937,43.07984,,,,
,-15.05495,43.20738,,,,
,-15.03053,43.36334,,,,
,-15.00611,43.52307,,,,
,-14.98168,43.67353,,,,
,-14.95726,43.80781,,,,
,-14.93284,43.88276,,,,
,-14.90842,43.87478,,,,
,-14.884,43.81568,,,,
,-14.85958,43.70346,,,,
,-14.83516,43.58395,,,,
,-14.81074,43.50703,,,,
,-14.78632,43.45339,,,,
,-14.7619,43.36347,,,,
,-14.73748,43.22407,,,,
,-14.71306,43.04706,,,,
,-14.68864,42.79613,,,,
,-14.66422,42.54101,,,,
,-14.6398,42.3288,,,,
,-14.61538,42.11828,,,,
,-14.59096,41.93544,,,,
,-14.56654,41.82456,,,,
,-14.54212,41.78082,,,,
,-14.5177,41.7613,,,,
,-14.49328,41.76077,,,,
,-14.46886,41.78224,,,,
,-14.44444,41.75884,,,,
,-14.42002,41.72733,,,,
,-14.3956,41.68674,,,,
,-14.37118,41.66368,,,,
,-14.34676,41.68329,,,,
,-14.32234,41.77474,,,,
,-14.29792,41.97075,,,,
,-14.2735,42.23087,,,,
,-14.24908,42.51229,,,,
,-14.22466,42.81177,,,,
,-14.20024,43.12903,,,,
,-14.17582,43.47016,,,,
,-14.1514,43.8275,,,,
,-14.12698,44.18564,,,,
,-14.10256,44.53267,,,,
,-14.07814,44.85196,,,,
,-14.05372,45.13917,,,,
,-14.0293,45.45015,,,,
,-14.00488,45.73838,,,,
,-13.98046,45.98254,,,,
,-13.95604,46.23058,,,,
,-13.93162,46.53164,,,,
,-13.9072,46.86183,,,,
,-13.88278,47.13132,,,,
,-13.85836,47.39162,,,,
,-13.83394,47.66893,,,,
,-13.80952,47.91441,,,,
,-13.7851,48.13334,,,,
,-13.76068,48.33046,,,,
,-13.73626,48.45558,,,,
,-13.71184,48.50845,,,,
,-13.68742,48.60286,,,,
,-13.663,48.75304,,,,
,-13.63858,48.91294,,,,
,-13.61416,49.08063,,,,
,-13.58974,49.23876,,,,
,-13.56532,49.37353,,,,
,-13.5409,49.49781,,,,
,-13.51648,49.58516,,,,
,-13.49206,49.61711,,,,
,-13.46764,49.71763,,,,
,-13.44322,49.79849,,,,
,-13.4188,49.82122,,,,
,-13.39438,49.78073,,,,
,-13.36996,49.64756,,,,
,-13.34554,49.46463,,,,
,-13.32112,49.2738,,,,
,-13.2967,49.04934,,,,
,-13.27228,48.80493,,,,
,-13.24786,48.51622,,,,
,-13.22344,48.21674,,,,
,-13.19902,47.95887,,,,
,-13.1746,47.71335,,,,
,-13.15018,47.51869,,,,
,-13.12576,47.42347,,,,
,-13.10134,47.39617,,,,
,-13.07692,47.38026,,,,
,-13.0525,47.36242,,,,
,-13.02808,47.31056,,,,
,-13.00366,47.22664,,,,
,-12.97924,47.10328,,,,
,-12.95482,47.00421,,,,
,-12.9304,46.95772,,,,
,-12.90598,46.94015,,,,
,-12.88156,46.99404,,,,
,-12.85714,47.1237,,,,
,-12.83272,47.25584,,,,
,-12.8083,47.41113,,,,
,-12.78388,47.57732,,,,
,-12.75946,47.74407,,,,
,-12.73504,47.93712,,,,
,-12.71062,48.11655,,,,
,-12.6862,48.27,,,,
,-12.66178,48.39573,,,,
,-12.63736,48.52354,,,,
,-12.61294,48.71469,,,,
,-12.58852,48.958,,,,
,-12.5641,49.17324,,,,
,-12.53968,49.36593,,,,
,-12.51526,49.54436,,,,
,-12.49084,49.74888,,,,
,-12.46642,49.9695,,,,
,-12.442,50.17052,,,,
,-12.41758,50.32528,,,,
,-12.39316,50.49898,,,,
,-12.36874,50.6877,,,,
,-12.34432,50.85807,,,,
,-12.3199,50.98873,,,,
,-12.29548,51.13707,,,,
,-12.27106,51.28711,,,,
,-12.24664,51.44154,,,,
,-12.22222,51.54886,,,,
,-12.1978,51.58126,,,,
,-12.17338,51.60417,,,,
,-12.14896,51.61575,,,,
,-12.12454,51.6241,,,,
,-12.10012,51.61717,,,,
,-12.0757,51.60408,,,,
,-12.05128,51.57561,,,,
,-12.02686,51.59614,,,,
,-12.00244,51.6671,,,,
,-11.97802,51.78971,,,,
,-11.9536,51.97182,,,,
,-11.92918,52.17262,,,,
,-11.90476,52.43005,,,,
,-11.88034,52.70888,,,,
,-11.85592,52.91581,,,,
,-11.8315,53.08687,,,,
,-11.80708,53.26087,,,,
,-11.78266,53.34848,,,,
,-11.75824,53.30622,,,,
,-11.73382,53.20541,,,,
,-11.7094,53.13122,,,,
,-11.68498,53.08747,,,,
,-11.66056,53.04996,,,,
,-11.63614,53.06432,,,,
,-11.61172,53.11291,,,,
,-11.5873,53.20587,,,,
,-11.56288,53.32498,,,,
,-11.53846,53.44789,,,,
,-11.51404,53.5938,,,,
,-11.48962,53.773,,,,
,-11.4652,53.96842,,,,
,-11.44078,54.15722,,,,
,-11.41636,54.31254,,,,
,-11.39194,54.40487,,,,
,-11.36752,54.43058,,,,
,-11.3431,54.44628,,,,
,-11.31868,54.44208,,,,
,-11.29426,54.4334,,,,
,-11.26984,54.40386,,,,
,-11.24542,54.37046,,,,
,-11.221,54.36632,,,,
,-11.19658,54.35278,,,,
,-11.17216,54.33462,,,,
,-11.14774,54.36381,,,,
,-11.12332,54.45519,,,,
,-11.0989,54.57818,,,,
,-11.07448,54.69769,,,,
,-11.05006,54.80489,,,,
,-11.02564,54.89389,,,,
,-11.00122,55.00616,,,,
,-10.9768,55.11565,,,,
,-10.95238,55.23548,,,,
,-10.92796,55.3825,,,,
,-10.90354,55.54132,,,,
,-10.87912,55.72611,,,,
,-10.8547,55.93177,,,,
,-10.83028,56.11453,,,,
,-10.80586,56.21891,,,,
,-10.78144,56.23651,,,,
,-10.75702,56.23699,,,,
,-10.7326,56.27875,,,,
,-10.70818,56.35655,,,,
,-10.68376,56.47231,,,,
,-10.65934,56.56144,,,,
,-10.63492,56.64397,,,,
,-10.6105,56.75669,,,,
,-10.58608,56.91703,,,,
,-10.56166,57.11705,,,,
,-10.53724,57.29646,,,,
,-10.51282,57.49651,,,,
,-10.4884,57.65385,,,,
,-10.46398,57.78679,,,,
,-10.43956,57.92243,,,,
,-10.41514,58.09435,,,,
,-10.39072,58.26187,,,,
,-10.3663,58.36246,,,,
,-10.34188,58.4131,,,,
,-10.31746,58.48696,,,,
,-10.29304,58.6107,,,,
,-10.26862,58.74064,,,,
,-10.2442,58.87896,,,,
,-10.21978,58.97168,,,,
,-10.19536,59.04612,,,,
,-10.17094,59.14081,,,,
,-10.14652,59.22925,,,,
,-10.1221,59.24878,,,,
,-10.09768,59.28424,,,,
,-10.07326,59.38809,,,,
,-10.04884,59.51753,,,,
,-10.02442,59.69135,,,,
,-10,59.88775,,,,
,-9.97558,60.06307,,,,
,-9.95116,60.18393,,,,
,-9.92674,60.21327,,,,
,-9.90232,60.22166,,,,
,-9.8779,60.21199,,,,
,-9.85348,60.23227,,,,
,-9.82906,60.24658,,,,
,-9.80464,60.22477,,,,
,-9.78022,60.22265,,,,
,-9.7558,60.26158,,,,
,-9.73138,60.30568,,,,
,-9.70696,60.29524,,,,
,-9.68254,60.25612,,,,
,-9.65812,60.19935,,,,
,-9.6337,60.12816,,,,
,-9.60928,59.99256,,,,
,-9.58486,59.83957,,,,
,-9.56044,59.68912,,,,
,-9.53602,59.57606,,,,
,-9.5116,59.48029,,,,
,-9.487179,59.42446,,,,
,-9.462759,59.39354,,,,
,-9.438339,59.3449,,,,
,-9.413919,59.31152,,,,
,-9.389499,59.26692,,,,
,-9.365079,59.26308,,,,
,-9.340659,59.3302,,,,
,-9.316239,59.47024,,,,
,-9.291819,59.64766,,,,
,-9.267399,59.82871,,,,
,-9.242979,60.05236,,,,
,-9.218559,60.30484,,,,
,-9.194139,60.57043,,,,
,-9.169719,60.81603,,,,
,-9.145299,61.04766,,,,
,-9.120879,61.2706,,,,
,-9.096459,61.47188,,,,
,-9.072039,61.66249,,,,
,-9.047619,61.82778,,,,
,-9.023199,61.95282,,,,
,-8.998779,62.03077,,,,
,-8.974359,62.06815,,,,
,-8.949939,62.04789,,,,
,-8.925519,62.04092,,,,
,-8.901099,62.06355,,,,
,-8.876679,62.09105,,,,
,-8.852259,62.11032,,,,
,-8.827839,62.1306,,,,
,-8.803419,62.17516,,,,
,-8.778999,62.24146,,,,
,-8.754579,62.30592,,,,
,-8.730159,62.32713,,,,
,-8.705739,62.3432,,,,
,-8.681319,62.39326,,,,
,-8.656899,62.43995,,,,
,-8.632479,62.48734,,,,
,-8.608059,62.56676,,,,
,-8.583639,62.66175,,,,
,-8.559219,62.72993,,,,
,-8.534799,62.7341,,,,
,-8.510379,62.65301,,,,
,-8.485958,62.50606,,,,
,-8.461538,62.46885,,,,
,-8.437118,62.56433,,,,
,-8.412698,62.70106,,,,
,-8.388278,62.83256,,,,
,-8.363858,62.94722,,,,
,-8.339438,63.0336,,,,
,-8.315018,63.16008,,,,
,-8.290598,63.35131,,,,
,-8.266178,63.56751,,,,
,-8.241758,63.79141,,,,
,-8.217338,64.0052,,,,
,-8.192918,64.20312,,,,
,-8.168498,64.42624,,,,
,-8.144078,64.71415,,,,
,-8.119658,65.04128,,,,
,-8.095238,65.37562,,,,
,-8.070818,65.71382,,,,
,-8.046398,66.02702,,,,
,-8.021978,66.29951,,,,
,-7.997558,66.55672,,,,
,-7.973138,66.80889,,,,
,-7.948718,67.09436,,,,
,-7.924298,67.38356,,,,
,-7.899878,67.64376,,,,
,-7.875458,67.86206,,,,
,-7.851038,68.06928,,,,
,-7.826618,68.32491,,,,
,-7.802198,68.63757,,,,
,-7.777778,68.974,,,,
,-7.753358,69.29964,,,,
,-7.728938,69.60748,,,,
,-7.704518,69.93428,,,,
,-7.680098,70.29193,,,,
,-7.655678,70.62234,,,,
,-7.631258,70.91096,,,,
,-7.606838,71.19162,,,,
,-7.582418,71.37924,,,,
,-7.557998,71.59335,,,,
,-7.533578,71.90431,,,,
,-7.509158,72.27446,,,,
,-7.484737,72.56034,,,,
,-7.460317,72.76817,,,,
,-7.435897,72.95601,,,,
,-7.411477,73.08913,,,,
,-7.387057,73.14385,,,,
,-7.362637,73.14709,,,,
,-7.338217,73.08204,,,,
,-7.313797,73.00397,,,,
,-7.289377,72.89194,,,,
,-7.264957,72.75072,,,,
,-7.240537,72.62284,,,,
,-7.216117,72.57922,,,,
,-7.191697,72.60761,,,,
,-7.167277,72.61125,,,,
,-7.142857,72.54974,,,,
,-7.118437,72.48908,,,,
,-7.094017,72.43753,,,,
,-7.069597,72.3955,,,,
,-7.045177,72.31751,,,,
,-7.020757,72.18737,,,,
,-6.996337,72.03014,,,,
,-6.971917,71.80683,,,,
,-6.947497,71.51184,,,,
,-6.923077,71.22581,,,,
,-6.898657,71.01538,,,,
,-6.874237,70.87746,,,,
,-6.849817,70.84577,,,,
,-6.825397,70.87033,,,,
,-6.800977,70.87569,,,,
,-6.776557,70.82853,,,,
,-6.752137,70.78288,,,,
,-6.727717,70.76467,,,,
,-6.703297,70.78057,,,,
,-6.678877,70.82371,,,,
,-6.654457,70.8928,,,,
,-6.630037,70.98789,,,,
,-6.605617,71.11008,,,,
,-6.581197,71.25763,,,,
,-6.556777,71.37544,,,,
,-6.532357,71.46502,,,,
,-6.507937,71.59418,,,,
,-6.483516,71.7637,,,,
,-6.459096,71.93652,,,,
,-6.434676,72.10933,,,,
,-6.410256,72.28272,,,,
,-6.385836,72.43964,,,,
,-6.361416,72.59447,,,,
,-6.336996,72.72961,,,,
,-6.312576,72.80518,,,,
,-6.288156,72.85564,,,,
,-6.263736,72.91441,,,,
,-6.239316,72.94529,,,,
,-6.214896,72.93697,,,,
,-6.190476,72.91554,,,,
,-6.166056,72.90435,,,,
,-6.141636,72.87134,,,,
,-6.117216,72.80615,,,,
,-6.092796,72.71813,,,,
,-6.068376,72.67128,,,,
,-6.043956,72.65255,,,,
,-6.019536,72.59997,,,,
,-5.995116,72.52179,,,,
,-5.970696,72.48188,,,,
,-5.946276,72.4304,,,,
,-5.921856,72.32511,,,,
,-5.897436,72.20003,,,,
,-5.873016,72.1086,,,,
,-5.848596,72.09425,,,,
,-5.824176,72.13185,,,,
,-5.799756,72.13465,,,,
,-5.775336,72.08926,,,,
,-5.750916,72.03672,,,,
,-5.726496,71.95087,,,,
,-5.702076,71.7828,,,,
,-5.677656,71.60698,,,,
,-5.653236,71.49044,,,,
,-5.628816,71.38136,,,,
,-5.604396,71.26415,,,,
,-5.579976,71.15264,,,,
,-5.555556,71.04507,,,,
,-5.531136,70.99083,,,,
,-5.506716,70.92258,,,,
,-5.482295,70.81984,,,,
,-5.457875,70.65027,,,,
,-5.433455,70.47947,,,,
,-5.409035,70.34656,,,,
,-5.384615,70.16374,,,,
,-5.360195,69.90273,,,,
,-5.335775,69.64445,,,,
,-5.311355,69.44378,,,,
,-5.286935,69.29346,,,,
,-5.262515,69.16574,,,,
,-5.238095,69.09537,,,,
,-5.213675,69.04554,,,,
,-5.189255,68.99059,,,,
,-5.164835,68.89601,,,,
,-5.140415,68.77072,,,,
,-5.115995,68.6523,,,,
,-5.091575,68.53629,,,,
,-5.067155,68.40741,,,,
,-5.042735,68.29425,,,,
,-5.018315,68.19572,,,,
,-4.993895,68.09935,,,,
,-4.969475,68.04715,,,,
,-4.945055,68.10619,,,,
,-4.920635,68.23265,,,,
,-4.896215,68.34488,,,,
,-4.871795,68.46467,,,,
,-4.847375,68.58169,,,,
,-4.822955,68.67433,,,,
,-4.798535,68.75231,,,,
,-4.774115,68.84197,,,,
,-4.749695,68.9433,,,,
,-4.725275,69.01639,,,,
,-4.700855,69.0721,,,,
,-4.676435,69.14448,,,,
,-4.652015,69.22598,,,,
,-4.627595,69.30737,,,,
,-4.603175,69.35108,,,,
,-4.578755,69.37757,,,,
,-4.554335,69.38508,,,,
,-4.529915,69.36176,,,,
,-4.505495,69.31048,,,,
,-4.481074,69.29205,,,,
,-4.456654,69.28939,,,,
,-4.432234,69.27971,,,,
,-4.407814,69.28514,,,,
,-4.383394,69.30356,,,,
,-4.358974,69.28042,,,,
,-4.334554,69.30586,,,,
,-4.310134,69.36326,,,,
,-4.285714,69.41923,,,,
,-4.261294,69.41734,,,,
,-4.236874,69.39826,,,,
,-4.212454,69.30804,,,,
,-4.188034,69.19825,,,,
,-4.163614,69.06209,,,,
,-4.139194,68.89971,,,,
,-4.114774,68.7017,,,,
,-4.090354,68.52553,,,,
,-4.065934,68.37987,,,,
,-4.041514,68.23321,,,,
,-4.017094,68.12614,,,,
,-3.992674,68.00576,,,,
,-3.968254,67.93209,,,,
,-3.943834,67.91447,,,,
,-3.919414,67.95039,,,,
,-3.894994,68.01062,,,,
,-3.870574,68.03843,,,,
,-3.846154,68.04549,,,,
,-3.821734,68.06871,,,,
,-3.797314,68.14153,,,,
,-3.772894,68.24689,,,,
,-3.748474,68.32581,,,,
,-3.724054,68.36516,,,,
,-3.699634,68.42843,,,,
,-3.675214,68.53714,,,,
,-3.650794,68.69176,,,,
,-3.626374,68.83242,,,,
,-3.601954,68.90792,,,,
,-3.577534,68.93588,,,,
,-3.553114,68.93328,,,,
,-3.528694,68.90269,,,,
,-3.504274,68.84145,,,,
,-3.479853,68.82522,,,,
,-3.455433,68.79335,,,,
,-3.431013,68.72473,,,,
,-3.406593,68.61913,,,,
,-3.382173,68.49854,,,,
,-3.357753,68.37728,,,,
,-3.333333,68.29558,,,,
,-3.308913,68.25238,,,,
,-3.284493,68.17508,,,,
,-3.260073,68.09642,,,,
,-3.235653,68.02822,,,,
,-3.211233,67.94214,,,,
,-3.186813,67.85734,,,,
,-3.162393,67.79663,,,,
,-3.137973,67.75713,,,,
,-3.113553,67.70551,,,,
,-3.089133,67.64626,,,,
,-3.064713,67.57472,,,,
,-3.040293,67.5117,,,,
,-3.015873,67.42715,,,,
,-2.991453,67.34406,,,,
,-2.967033,67.24198,,,,
,-2.942613,67.10843,,,,
,-2.918193,66.93379,,,,
,-2.893773,66.74997,,,,
,-2.869353,66.58752,,,,
,-2.844933,66.39878,,,,
,-2.820513,66.18076,,,,
,-2.796093,65.9036,,,,
,-2.771673,65.5953,,,,
,-2.747253,65.23118,,,,
,-2.722833,64.84005,,,,
,-2.698413,64.45309,,,,
,-2.673993,64.02928,,,,
,-2.649573,63.56956,,,,
,-2.625153,63.16093,,,,
,-2.600733,62.7609,,,,
,-2.576313,62.31502,,,,
,-2.551893,61.88012,,,,
,-2.527473,61.5422,,,,
,-2.503053,61.28896,,,,
,-2.478632,61.02719,,,,
,-2.454212,60.70768,,,,
,-2.429792,60.36786,,,,
,-2.405372,60.01452,,,,
,-2.380952,59.67823,,,,
,-2.356532,59.33041,,,,
,-2.332112,58.89223,,,,
,-2.307692,58.35885,,,,
,-2.283272,57.8158,,,,
,-2.258852,57.26015,,,,
,-2.234432,56.68828,,,,
,-2.210012,56.10875,,,,
,-2.185592,55.52751,,,,
,-2.161172,54.93199,,,,
,-2.136752,54.30197,,,,
,-2.112332,53.69235,,,,
,-2.087912,53.05886,,,,
,-2.063492,52.37003,,,,
,-2.039072,51.69158,,,,
,-2.014652,50.97989,,,,
,-1.990232,50.28052,,,,
,-1.965812,49.56691,,,,
,-1.941392,48.86864,,,,
,-1.916972,48.22659,,,,
,-1.892552,47.64064,,,,
,-1.868132,47.0748,,,,
,-1.843712,46.47376,,,,
,-1.819292,45.80815,,,,
,-1.794872,45.15024,,,,
,-1.770452,44.45959,,,,
,-1.746032,43.73011,,,,
,-1.721612,42.92317,,,,
,-1.697192,42.01332,,,,
,-1.672772,41.0134,,,,
,-1.648352,39.9545,,,,
,-1.623932,38.83916,,,,
,-1.599512,37.73104,,,,
,-1.575092,36.59184,,,,
,-1.550672,35.43279,,,,
,-1.526252,34.2674,,,,
,-1.501832,33.12539,,,,
,-1.477411,31.98034,,,,
,-1.452991,30.8366,,,,
,-1.428571,29.67271,,,,
,-1.404151,28.49759,,,,
,-1.379731,27.334,,,,
,-1.355311,26.17387,,,,
,-1.330891,24.96563,,,,
,-1.306471,23.76368,,,,
,-1.282051,22.5375,,,,
,-1.257631,21.2881,,,,
,-1.233211,20.07866,,,,
,-1.208791,18.85706,,,,
,-1.184371,17.59737,,,,
,-1.159951,16.35711,,,,
,-1.135531,15.17985,,,,
,-1.111111,14.01423,,,,
,-1.086691,12.87316,,,,
,-1.062271,11.76329,,,,
,-1.037851,10.62311,,,,
,-1.013431,9.523352,,,,
,-0.989011,8.51183,,,,
,-0.964591,7.598591,,,,
,-0.9401709,6.723401,,,,
,-0.9157509,5.826231,,,,
,-0.8913309,5.003371,,,,
,-0.8669109,4.268793,,,,
,-0.8424908,3.627371,,,,
,-0.8180708,3.115028,,,,
,-0.7936508,2.653373,,,,
,-0.7692308,2.225446,,,,
,-0.7448107,1.869504,,,,
,-0.7203907,1.54614,,,,
,-0.6959707,1.265252,,,,
,-0.6715507,1.013711,,,,
,-0.6471306,0.7483653,,,,
,-0.6227106,0.469202,,,,
,-0.5982906,0.2518005,,,,
,-0.5738706,0.0828742,,,,
,-0.5494505,-0.01961304,,,,
,-0.5250305,-0.08660908,,,,
,-0.5006105,-0.1814285,,,,
,-0.4761905,-0.3110013,,,,
,-0.4517705,-0.4624625,,,,
,-0.4273504,-0.6524684,,,,
,-0.4029304,-0.7892539,,,,
,-0.3785104,-0.8590861,,,,
,-0.3540904,-0.9606064,,,,
,-0.3296703,-1.055073,,,,
,-0.3052503,-1.127745,,,,
,-0.2808303,-1.228149,,,,
,-0.2564103,-1.403437,,,,
,-0.2319902,-1.612071,,,,
,-0.2075702,-1.83986,,,,
,-0.1831502,-2.143201,,,,
,-0.1587302,-2.607949,,,,
,-0.1343101,-3.184374,,,,
,-0.1098901,-3.839195,,,,
,-0.08547009,-4.532544,,,,
,-0.06105006,-5.290531,,,,
,-0.03663004,-6.127402,,,,
,-0.01221001,-6.997667,,,,
,0.01221001,-7.898685,,,,
,0.03663004,-8.826072,,,,
,0.06105006,-9.769633,,,,
,0.08547009,-10.74323,,,,
,0.1098901,-11.73512,,,,
,0.1343101,-12.69957,,,,
,0.1587302,-13.64376,,,,
,0.1831502,-14.64816,,,,
,0.2075702,-15.75955,,,,
,0.2319902,-16.92649,,,,
,0.2564103,-18.08815,,,,
,0.2808303,-19.23727,,,,
,0.3052503,-20.36203,,,,
,0.3296703,-21.46517,,,,
,0.3540904,-22.57102,,,,
,0.3785104,-23.67535,,,,
,0.4029304,-24.72046,,,,
,0.4273504,-25.75021,,,,
,0.4517705,-26.78981,,,,
,0.4761905,-27.84212,,,,
,0.5006105,-28.88201,,,,
,0.5250305,-29.96482,,,,
,0.5494505,-31.10388,,,,
,0.5738706,-32.30648,,,,
,0.5982906,-33.52461,,,,
,0.6227106,-34.78332,,,,
,0.6471306,-36.09844,,,,
,0.6715507,-37.398,,,,
,0.6959707,-38.70458,,,,
,0.7203907,-39.96344,,,,
,0.7448107,-41.15914,,,,
,0.7692308,-42.3309,,,,
,0.7936508,-43.48829,,,,
,0.8180708,-44.6359,,,,
,0.8424908,-45.80563,,,,
,0.8669109,-46.96655,,,,
,0.8913309,-48.06291,,,,
,0.9157509,-49.13888,,,,
,0.9401709,-50.23121,,,,
,0.964591,-51.30766,,,,
,0.989011,-52.3236,,,,
,1.013431,-53.26254,,,,
,1.037851,-54.07219,,,,
,1.062271,-54.83811,,,,
,1.086691,-55.55693,,,,
,1.111111,-56.23165,,,,
,1.135531,-56.89754,,,,
,1.159951,-57.55618,,,,
,1.184371,-58.15442,,,,
,1.208791,-58.6958,,,,
,1.233211,-59.29792,,,,
,1.257631,-59.91731,,,,
,1.282051,-60.54303,,,,
,1.306471,-61.16384,,,,
,1.330891,-61.73455,,,,
,1.355311,-62.31387,,,,
,1.379731,-62.87002,,,,
,1.404151,-63.37947,,,,
,1.428571,-63.78478,,,,
,1.452991,-64.10182,,,,
,1.477411,-64.4269,,,,
,1.501832,-64.69347,,,,
,1.526252,-64.9514,,,,
,1.550672,-65.21562,,,,
,1.575092,-65.50348,,,,
,1.599512,-65.87232,,,,
,1.623932,-66.32815,,,,
,1.648352,-66.8048,,,,
,1.672772,-67.2679,,,,
,1.697192,-67.70113,,,,
,1.721612,-68.07862,,,,
,1.746032,-68.39375,,,,
,1.770452,-68.64883,,,,
,1.794872,-68.87592,,,,
,1.819292,-69.10904,,,,
,1.843712,-69.32786,,,,
,1.868132,-69.53215,,,,
,1.892552,-69.74009,,,,
,1.916972,-69.86763,,,,
,1.941392,-69.92052,,,,
,1.965812,-69.937,,,,
,1.990232,-69.94513,,,,
,2.014652,-69.92174,,,,
,2.039072,-69.87108,,,,
,2.063492,-69.86335,,,,
,2.087912,-69.96102,,,,
,2.112332,-70.12663,,,,
,2.136752,-70.31473,,,,
,2.161172,-70.51626,,,,
,2.185592,-70.73619,,,,
,2.210012,-70.93396,,,,
,2.234432,-71.14731,,,,
,2.258852,-71.47029,,,,
,2.283272,-71.86106,,,,
,2.307692,-72.23446,,,,
,2.332112,-72.54809,,,,
,2.356532,-72.79045,,,,
,2.380952,-72.93184,,,,
,2.405372,-73.00965,,,,
,2.429792,-73.05657,,,,
,2.454212,-73.11798,,,,
,2.478632,-73.1613,,,,
,2.503053,-73.16973,,,,
,2.527473,-73.17436,,,,
,2.551893,-73.16916,,,,
,2.576313,-73.15987,,,,
,2.600733,-73.14873,,,,
,2.625153,-73.07268,,,,
,2.649573,-72.97886,,,,
,2.673993,-72.92878,,,,
,2.698413,-72.88423,,,,
,2.722833,-72.84774,,,,
,2.747253,-72.82686,,,,
,2.771673,-72.8431,,,,
,2.796093,-72.90315,,,,
,2.820513,-72.93978,,,,
,2.844933,-72.92618,,,,
,2.869353,-72.88129,,,,
,2.893773,-72.81614,,,,
,2.918193,-72.6739,,,,
,2.942613,-72.53932,,,,
,2.967033,-72.44206,,,,
,2.991453,-72.37604,,,,
,3.015873,-72.33203,,,,
,3.040293,-72.33399,,,,
,3.064713,-72.31244,,,,
,3.089133,-72.23487,,,,
,3.113553,-72.09874,,,,
,3.137973,-71.97415,,,,
,3.162393,-71.88141,,,,
,3.186813,-71.82629,,,,
,3.211233,-71.78885,,,,
,3.235653,-71.71813,,,,
,3.260073,-71.60696,,,,
,3.284493,-71.48538,,,,
,3.308913,-71.35904,,,,
,3.333333,-71.23016,,,,
,3.357753,-71.08448,,,,
,3.382173,-70.86652,,,,
,3.406593,-70.61006,,,,
,3.431013,-70.34922,,,,
,3.455433,-70.10788,,,,
,3.479853,-69.9037,,,,
,3.504274,-69.7376,,,,
,3.528694,-69.60876,,,,
,3.553114,-69.53654,,,,
,3.577534,-69.5047,,,,
,3.601954,-69.53753,,,,
,3.626374,-69.58494,,,,
,3.650794,-69.63754,,,,
,3.675214,-69.68462,,,,
,3.699634,-69.72098,,,,
,3.724054,-69.76546,,,,
,3.748474,-69.78418,,,,
,3.772894,-69.77373,,,,
,3.797314,-69.74803,,,,
,3.821734,-69.71688,,,,
,3.846154,-69.66593,,,,
,3.870574,-69.56248,,,,
,3.894994,-69.44808,,,,
,3.919414,-69.33756,,,,
,3.943834,-69.21927,,,,
,3.968254,-69.09957,,,,
,3.992674,-68.9561,,,,
,4.017094,-68.81159,,,,
,4.041514,-68.64745,,,,
,4.065934,-68.44965,,,,
,4.090354,-68.24925,,,,
,4.114774,-68.06362,,,,
,4.139194,-67.84803,,,,
,4.163614,-67.64307,,,,
,4.188034,-67.50485,,,,
,4.212454,-67.44421,,,,
,4.236874,-67.4609,,,,
,4.261294,-67.51159,,,,
,4.285714,-67.56646,,,,
,4.310134,-67.65147,,,,
,4.334554,-67.70948,,,,
,4.358974,-67.75249,,,,
,4.383394,-67.81241,,,,
,4.407814,-67.88161,,,,
,4.432234,-67.95461,,,,
,4.456654,-68.01978,,,,
,4.481074,-68.07855,,,,
,4.505495,-68.13626,,,,
,4.529915,-68.08679,,,,
,4.554335,-67.97029,,,,
,4.578755,-67.86298,,,,
,4.603175,-67.76023,,,,
,4.627595,-67.63333,,,,
,4.652015,-67.51633,,,,
,4.676435,-67.47093,,,,
,4.700855,-67.43354,,,,
,4.725275,-67.38229,,,,
,4.749695,-67.28176,,,,
,4.774115,-67.12755,,,,
,4.798535,-66.95504,,,,
,4.822955,-66.80917,,,,
,4.847375,-66.68965,,,,
,4.871795,-66.65924,,,,
,4.896215,-66.69575,,,,
,4.920635,-66.68297,,,,
,4.945055,-66.6454,,,,
,4.969475,-66.63308,,,,
,4.993895,-66.59683,,,,
,5.018315,-66.51856,,,,
,5.042735,-66.45318,,,,
,5.067155,-66.41195,,,,
,5.091575,-66.34442,,,,
,5.115995,-66.28754,,,,
,5.140415,-66.31037,,,,
,5.164835,-66.38771,,,,
,5.189255,-66.50196,,,,
,5.213675,-66.58897,,,,
,5.238095,-66.63022,,,,
,5.262515,-66.63849,,,,
,5.286935,-66.68451,,,,
,5.311355,-66.72371,,,,
,5.335775,-66.74618,,,,
,5.360195,-66.80975,,,,
,5.384615,-66.84237,,,,
,5.409035,-66.81728,,,,
,5.433455,-66.74555,,,,
,5.457875,-66.66056,,,,
,5.482295,-66.52312,,,,
,5.506716,-66.3958,,,,
,5.531136,-66.36447,,,,
,5.555556,-66.36931,,,,
,5.579976,-66.38307,,,,
,5.604396,-66.47218,,,,
,5.628816,-66.62731,,,,
,5.653236,-66.76818,,,,
,5.677656,-66.86535,,,,
,5.702076,-66.96112,,,,
,5.726496,-67.07946,,,,
,5.750916,-67.22138,,,,
,5.775336,-67.3174,,,,
,5.799756,-67.39703,,,,
,5.824176,-67.50798,,,,
,5.848596,-67.69027,,,,
,5.873016,-67.89056,,,,
,5.897436,-68.06228,,,,
,5.921856,-68.21162,,,,
,5.946276,-68.33857,,,,
,5.970696,-68.39747,,,,
,5.995116,-68.3848,,,,
,6.019536,-68.31148,,,,
,6.043956,-68.22895,,,,
,6.068376,-68.15374,,,,
,6.092796,-68.08021,,,,
,6.117216,-68.03215,,,,
,6.141636,-67.98876,,,,
,6.166056,-67.91321,,,,
,6.190476,-67.8146,,,,
,6.214896,-67.74403,,,,
,6.239316,-67.71109,,,,
,6.263736,-67.63533,,,,
,6.288156,-67.55785,,,,
,6.312576,-67.50427,,,,
,6.336996,-67.41894,,,,
,6.361416,-67.34247,,,,
,6.385836,-67.29527,,,,
,6.410256,-67.26862,,,,
,6.434676,-67.28787,,,,
,6.459096,-67.36177,,,,
,6.483516,-67.47315,,,,
,6.507937,-67.5616,,,,
,6.532357,-67.63752,,,,
,6.556777,-67.77833,,,,
,6.581197,-67.95762,,,,
,6.605617,-68.16659,,,,
,6.630037,-68.36626,,,,
,6.654457,-68.54926,,,,
,6.678877,-68.74648,,,,
,6.703297,-68.88771,,,,
,6.727717,-69.00063,,,,
,6.752137,-69.1262,,,,
,6.776557,-69.27889,,,,
,6.800977,-69.46532,,,,
,6.825397,-69.68788,,,,
,6.849817,-69.85687,,,,
,6.874237,-69.99149,,,,
,6.898657,-70.15995,,,,
,6.923077,-70.35284,,,,
,6.947497,-70.46799,,,,
,6.971917,-70.46332,,,,
,6.996337,-70.40718,,,,
,7.020757,-70.29746,,,,
,7.045177,-70.13302,,,,
,7.069597,-69.93072,,,,
,7.094017,-69.72644,,,,
,7.118437,-69.56762,,,,
,7.142857,-69.44081,,,,
,7.167277,-69.32747,,,,
,7.191697,-69.26396,,,,
,7.216117,-69.25476,,,,
,7.240537,-69.2739,,,,
,7.264957,-69.32003,,,,
,7.289377,-69.30332,,,,
,7.313797,-69.21386,,,,
,7.338217,-69.06012,,,,
,7.362637,-68.897,,,,
,7.387057,-68.70546,,,,
,7.411477,-68.50908,,,,
,7.435897,-68.29422,,,,
,7.460317,-67.99345,,,,
,7.484737,-67.66517,,,,
,7.509158,-67.3491,,,,
,7.533578,-67.04573,,,,
,7.557998,-66.70678,,,,
,7.582418,-66.34881,,,,
,7.606838,-65.99807,,,,
,7.631258,-65.70125,,,,
,7.655678,-65.42988,,,,
,7.680098,-65.15512,,,,
,7.704518,-64.85927,,,,
,7.728938,-64.58279,,,,
,7.753358,-64.33274,,,,
,7.777778,-64.08587,,,,
,7.802198,-63.86029,,,,
,7.826618,-63.63606,,,,
,7.851038,-63.45145,,,,
,7.875458,-63.32281,,,,
,7.899878,-63.22203,,,,
,7.924298,-63.15126,,,,
,7.948718,-63.12741,,,,
,7.973138,-63.14619,,,,
,7.997558,-63.19481,,,,
,8.021978,-63.22893,,,,
,8.046398,-63.20549,,,,
,8.070818,-63.15033,,,,
,8.095238,-63.09691,,,,
,8.119658,-63.08591,,,,
,8.144078,-63.07399,,,,
,8.168498,-63.05344,,,,
,8.192918,-63.05238,,,,
,8.217338,-63.05734,,,,
,8.241758,-63.04302,,,,
,8.266178,-63.03369,,,,
,8.290598,-63.03257,,,,
,8.315018,-62.99549,,,,
,8.339438,-62.9069,,,,
,8.363858,-62.77269,,,,
,8.388278,-62.59815,,,,
,8.412698,-62.43767,,,,
,8.437118,-62.27749,,,,
,8.461538,-62.0859,,,,
,8.485958,-61.89881,,,,
,8.510379,-61.74884,,,,
,8.534799,-61.63616,,,,
,8.559219,-61.51635,,,,
,8.583639,-61.40826,,,,
,8.608059,-61.24254,,,,
,8.632479,-61.0306,,,,
,8.656899,-60.82868,,,,
,8.681319,-60.57054,,,,
,8.705739,-60.25996,,,,
,8.730159,-59.87915,,,,
,8.754579,-59.45062,,,,
,8.778999,-58.98736,,,,
,8.803419,-58.54509,,,,
,8.827839,-58.17378,,,,
,8.852259,-57.82508,,,,
,8.876679,-57.43319,,,,
,8.901099,-56.99574,,,,
,8.925519,-56.54604,,,,
,8.949939,-56.11,,,,
,8.974359,-55.67644,,,,
,8.998779,-55.21554,,,,
,9.023199,-54.7601,,,,
,9.047619,-54.3257,,,,
,9.072039,-53.96226,,,,
,9.096459,-53.64333,,,,
,9.120879,-53.38455,,,,
,9.145299,-53.13145,,,,
,9.169719,-52.88725,,,,
,9.194139,-52.71081,,,,
,9.218559,-52.5897,,,,
,9.242979,-52.49048,,,,
,9.267399,-52.36284,,,,
,9.291819,-52.23128,,,,
,9.316239,-52.17588,,,,
,9.340659,-52.12507,,,,
,9.365079,-52.0832,,,,
,9.389499,-52.10937,,,,
,9.413919,-52.21304,,,,
,9.438339,-52.40175,,,,
,9.462759,-52.66116,,,,
,9.487179,-52.93722,,,,
,9.5116,-53.2184,,,,
,9.53602,-53.48467,,,,
,9.56044,-53.75853,,,,
,9.58486,-54.04186,,,,
,9.60928,-54.31723,,,,
,9.6337,-54.58284,,,,
,9.65812,-54.76933,,,,
,9.68254,-54.9117,,,,
,9.70696,-55.0356,,,,
,9.73138,-55.16098,,,,
,9.7558,-55.30079,,,,
,9.78022,-55.44222,,,,
,9.80464,-55.62726,,,,
,9.82906,-55.77164,,,,
,9.85348,-55.86174,,,,
,9.8779,-55.96115,,,,
,9.90232,-56.04453,,,,
,9.92674,-56.08645,,,,
,9.95116,-56.0864,,,,
,9.97558,-56.06099,,,,
,10,-56.06619,,,,
,10.02442,-56.05618,,,,
,10.04884,-55.95525,,,,
,10.07326,-55.80354,,,,
,10.09768,-55.65993,,,,
,10.1221,-55.54099,,,,
,10.14652,-55.40169,,,,
,10.17094,-55.24541,,,,
,10.19536,-55.12241,,,,
,10.21978,-55.02075,,,,
,10.2442,-54.89026,,,,
,10.26862,-54.72596,,,,
,10.29304,-54.5165,,,,
,10.31746,-54.31799,,,,
,10.34188,-54.16274,,,,
,10.3663,-54.04823,,,,
,10.39072,-53.93296,,,,
,10.41514,-53.79568,,,,
,10.43956,-53.61909,,,,
,10.46398,-53.41278,,,,
,10.4884,-53.21269,,,,
,10.51282,-53.07032,,,,
,10.53724,-52.92318,,,,
,10.56166,-52.71589,,,,
,10.58608,-52.45943,,,,
,10.6105,-52.25005,,,,
,10.63492,-52.10295,,,,
,10.65934,-51.98603,,,,
,10.68376,-51.93395,,,,
,10.70818,-51.88839,,,,
,10.7326,-51.88659,,,,
,10.75702,-51.914,,,,
,10.78144,-51.93843,,,,
,10.80586,-51.98213,,,,
,10.83028,-52.03939,,,,
,10.8547,-52.1106,,,,
,10.87912,-52.21454,,,,
,10.90354,-52.27765,,,,
,10.92796,-52.37683,,,,
,10.95238,-52.47303,,,,
,10.9768,-52.55349,,,,
,11.00122,-52.61202,,,,
,11.02564,-52.65687,,,,
,11.05006,-52.73646,,,,
,11.07448,-52.88962,,,,
,11.0989,-53.11797,,,,
,11.12332,-53.37826,,,,
,11.14774,-53.66035,,,,
,11.17216,-53.96618,,,,
,11.19658,-54.25134,,,,
,11.221,-54.47669,,,,
,11.24542,-54.58883,,,,
,11.26984,-54.57091,,,,
,11.29426,-54.49974,,,,
,11.31868,-54.41402,,,,
,11.3431,-54.34125,,,,
,11.36752,-54.22738,,,,
,11.39194,-54.07896,,,,
,11.41636,-53.90147,,,,
,11.44078,-53.65978,,,,
,11.4652,-53.39695,,,,
,11.48962,-53.13678,,,,
,11.51404,-52.84828,,,,
,11.53846,-52.53911,,,,
,11.56288,-52.18165,,,,
,11.5873,-51.76205,,,,
,11.61172,-51.32805,,,,
,11.63614,-50.92807,,,,
,11.66056,-50.56119,,,,
,11.68498,-50.15295,,,,
,11.7094,-49.77585,,,,
,11.73382,-49.50938,,,,
,11.75824,-49.27907,,,,
,11.78266,-49.06553,,,,
,11.80708,-48.82786,,,,
,11.8315,-48.56098,,,,
,11.85592,-48.37162,,,,
,11.88034,-48.1932,,,,
,11.90476,-48.03435,,,,
,11.92918,-47.94374,,,,
,11.9536,-47.85607,,,,
,11.97802,-47.75341,,,,
,12.00244,-47.69025,,,,
,12.02686,-47.61758,,,,
,12.05128,-47.54132,,,,
,12.0757,-47.4609,,,,
,12.10012,-47.36172,,,,
,12.12454,-47.27737,,,,
,12.14896,-47.20951,,,,
,12.17338,-47.16038,,,,
,12.1978,-47.17229,,,,
,12.22222,-47.25872,,,,
,12.24664,-47.39071,,,,
,12.27106,-47.49643,,,,
,12.29548,-47.54849,,,,
,12.3199,-47.55975,,,,
,12.34432,-47.53857,,,,
,12.36874,-47.46049,,,,
,12.39316,-47.36453,,,,
,12.41758,-47.25712,,,,
,12.442,-47.13284,,,,
,12.46642,-46.96712,,,,
,12.49084,-46.75477,,,,
,12.51526,-46.51797,,,,
,12.53968,-46.25094,,,,
,12.5641,-46.00089,,,,
,12.58852,-45.81918,,,,
,12.61294,-45.71106,,,,
,12.63736,-45.70288,,,,
,12.66178,-45.74843,,,,
,12.6862,-45.79184,,,,
,12.71062,-45.82789,,,,
,12.73504,-45.80889,,,,
,12.75946,-45.74491,,,,
,12.78388,-45.69595,,,,
,12.8083,-45.64654,,,,
,12.83272,-45.58335,,,,
,12.85714,-45.4706,,,,
,12.88156,-45.27354,,,,
,12.90598,-44.99929,,,,
,12.9304,-44.71262,,,,
,12.95482,-44.42297,,,,
,12.97924,-44.11583,,,,
,13.00366,-43.81182,,,,
,13.02808,-43.51604,,,,
,13.0525,-43.23131,,,,
,13.07692,-42.98634,,,,
,13.10134,-42.8119,,,,
,13.12576,-42.70481,,,,
,13.15018,-42.62835,,,,
,13.1746,-42.58838,,,,
,13.19902,-42.6203,,,,
,13.22344,-42.72998,,,,
,13.24786,-42.85934,,,,
,13.27228,-43.00508,,,,
,13.2967,-43.1822,,,,
,13.32112,-43.38592,,,,
,13.34554,-43.61927,,,,
,13.36996,-43.89816,,,,
,13.39438,-44.14796,,,,
,13.4188,-44.29697,,,,
,13.44322,-44.39082,,,,
,13.46764,-44.49094,,,,
,13.49206,-44.62539,,,,
,13.51648,-44.83293,,,,
,13.5409,-45.10287,,,,
,13.56532,-45.37507,,,,
,13.58974,-45.60573,,,,
,13.61416,-45.82557,,,,
,13.63858,-46.04303,,,,
,13.663,-46.20334,,,,
,13.68742,-46.31717,,,,
,13.71184,-46.36064,,,,
,13.73626,-46.38885,,,,
,13.76068,-46.38873,,,,
,13.7851,-46.33729,,,,
,13.80952,-46.36539,,,,
,13.83394,-46.50244,,,,
,13.85836,-46.67526,,,,
,13.88278,-46.78863,,,,
,13.9072,-46.80734,,,,
,13.93162,-46.76977,,,,
,13.95604,-46.76099,,,,
,13.98046,-46.80797,,,,
,14.00488,-46.90389,,,,
,14.0293,-46.99801,,,,
,14.05372,-47.06559,,,,
,14.07814,-47.14395,,,,
,14.10256,-47.21762,,,,
,14.12698,-47.28906,,,,
,14.1514,-47.33879,,,,
,14.17582,-47.34338,,,,
,14.20024,-47.32385,,,,
,14.22466,-47.27455,,,,
,14.24908,-47.12176,,,,
,14.2735,-46.92817,,,,
,14.29792,-46.7356,,,,
,14.32234,-46.49499,,,,
,14.34676,-46.18888,,,,
,14.37118,-45.89258,,,,
,14.3956,-45.6454,,,,
,14.42002,-45.42014,,,,
,14.44444,-45.19643,,,,
,14.46886,-44.88595,,,,
,14.49328,-44.49376,,,,
,14.5177,-44.03245,,,,
,14.54212,-43.48719,,,,
,14.56654,-42.9101,,,,
,14.59096,-42.31698,,,,
,14.61538,-41.67383,,,,
,14.6398,-40.98081,,,,
,14.66422,-40.30491,,,,
,14.68864,-39.69948,,,,
,14.71306,-39.16882,,,,
,14.73748,-38.73988,,,,
,14.7619,-38.39863,,,,
,14.78632,-38.05049,,,,
,14.81074,-37.66679,,,,
,14.83516,-37.29938,,,,
,14.85958,-36.9464,,,,
,14.884,-36.61919,,,,
,14.90842,-36.31821,,,,
,14.93284,-36.02615,,,,
,14.95726,-35.74928,,,,
,14.98168,-35.45386,,,,
,15.00611,-35.17476,,,,
,15.03053,-34.97291,,,,
,15.05495,-34.81136,,,,
,15.07937,-34.70402,,,,
,15.10379,-34.62449,,,,
,15.12821,-34.58354,,,,
,15.15263,-34.59381,,,,
,15.17705,-34.6151,,,,
,15.20147,-34.65449,,,,
,15.22589,-34.69009,,,,
,15.25031,-34.76169,,,,
,15.27473,-34.90627,,,,
,15.29915,-35.04831,,,,
,15.32357,-35.22993,,,,
,15.34799,-35.48403,,,,
,15.37241,-35.77016,,,,
,15.39683,-36.08355,,,,
,15.42125,-36.43197,,,,
,15.44567,-36.78163,,,,
,15.47009,-37.16508,,,,
,15.49451,-37.55372,,,,
,15.51893,-37.85844,,,,
,15.54335,-38.01679,,,,
,15.56777,-38.04718,,,,
,15.59219,-38.03786,,,,
,15.61661,-37.99735,,,,
,15.64103,-37.90078,,,,
,15.66545,-37.807,,,,
,15.68987,-37.73993,,,,
,15.71429,-37.62183,,,,
,15.73871,-37.49285,,,,
,15.76313,-37.3443,,,,
,15.78755,-37.17601,,,,
,15.81197,-37.04057,,,,
,15.83639,-36.9847,,,,
,15.86081,-36.97412,,,,
,15.88523,-36.91983,,,,
,15.90965,-36.86911,,,,
,15.93407,-36.85277,,,,
,15.95849,-36.83308,,,,
,15.98291,-36.77781,,,,
,16.00733,-36.67486,,,,
,16.03175,-36.53528,,,,
,16.05617,-36.36428,,,,
,16.08059,-36.17353,,,,
,16.10501,-35.9444,,,,
,16.12943,-35.73482,,,,
,16.15385,-35.59252,,,,
,16.17827,-35.51009,,,,
,16.20269,-35.38498,,,,
,16.22711,-35.22419,,,,
,16.25153,-35.12646,,,,
,16.27595,-35.0991,,,,
,16.30037,-35.05399,,,,
,16.32479,-34.95053,,,,
,16.34921,-34.83908,,,,
,16.37363,-34.74053,,,,
,16.39805,-34.65872,,,,
,16.42247,-34.59326,,,,
,16.44689,-34.46827,,,,
,16.47131,-34.30461,,,,
,16.49573,-34.12541,,,,
,16.52015,-33.94294,,,,
,16.54457,-33.76956,,,,
,16.56899,-33.56231,,,,
,16.59341,-33.33131,,,,
,16.61783,-33.1304,,,,
,16.64225,-33.02389,,,,
,16.66667,-32.98803,,,,
,16.69109,-32.97066,,,,
,16.71551,-32.96467,,,,
,16.73993,-33.00188,,,,
,16.76435,-33.05031,,,,
,16.78877,-33.10258,,,,
,16.81319,-33.17157,,,,
,16.83761,-33.28232,,,,
,16.86203,-33.42214,,,,
,16.88645,-33.56248,,,,
,16.91087,-33.70853,,,,
,16.93529,-33.79703,,,,
,16.95971,-33.83026,,,,
,16.98413,-33.85551,,,,
,17.00855,-33.89948,,,,
,17.03297,-33.99961,,,,
,17.05739,-34.09397,,,,
,17.08181,-34.15784,,,,
,17.10623,-34.16426,,,,
,17.13065,-34.12221,,,,
,17.15507,-34.11519,,,,
,17.17949,-34.13173,,,,
,17.20391,-34.11198,,,,
,17.22833,-34.05748,,,,
,17.25275,-34.00047,,,,
,17.27717,-33.9442,,,,
,17.30159,-33.79303,,,,
,17.32601,-33.53438,,,,
,17.35043,-33.24531,,,,
,17.37485,-33.0003,,,,
,17.39927,-32.81824,,,,
,17.42369,-32.66204,,,,
,17.44811,-32.52461,,,,
,17.47253,-32.43267,,,,
,17.49695,-32.38752,,,,
,17.52137,-32.4055,,,,
,17.54579,-32.57086,,,,
,17.57021,-32.79149,,,,
,17.59463,-32.94861,,,,
,17.61905,-33.06244,,,,
,17.64347,-33.14244,,,,
,17.66789,-33.16905,,,,
,17.69231,-33.10649,,,,
,17.71673,-32.99379,,,,
,17.74115,-32.88034,,,,
,17.76557,-32.77255,,,,
,17.78999,-32.63904,,,,
,17.81441,-32.50689,,,,
,17.83883,-32.43247,,,,
,17.86325,-32.37228,,,,
,17.88767,-32.26676,,,,
,17.91209,-32.17271,,,,
,17.93651,-32.12473,,,,
,17.96093,-32.10194,,,,
,17.98535,-32.05875,,,,
,18.00977,-32.05985,,,,
,18.03419,-32.07022,,,,
,18.05861,-32.07037,,,,
,18.08303,-32.06743,,,,
,18.10745,-31.99013,,,,
,18.13187,-31.8912,,,,
,18.15629,-31.85008,,,,
,18.18071,-31.86451,,,,
,18.20513,-31.87649,,,,
,18.22955,-31.84732,,,,
,18.25397,-31.7625,,,,
,18.27839,-31.69269,,,,
,18.30281,-31.65619,,,,
,18.32723,-31.63897,,,,
,18.35165,-31.54736,,,,
,18.37607,-31.43779,,,,
,18.40049,-31.34388,,,,
,18.42491,-31.30309,,,,
,18.44933,-31.3016,,,,
,18.47375,-31.31644,,,,
,18.49817,-31.27921,,,,
,18.52259,-31.20495,,,,
,18.54701,-31.13221,,,,
,18.57143,-31.01365,,,,
,18.59585,-30.92551,,,,
,18.62027,-30.86917,,,,
,18.64469,-30.81465,,,,
,18.66911,-30.74517,,,,
,18.69353,-30.63813,,,,
,18.71795,-30.4685,,,,
,18.74237,-30.28664,,,,
,18.76679,-30.0841,,,,
,18.79121,-29.85542,,,,
,18.81563,-29.62858,,,,
,18.84005,-29.41533,,,,
,18.86447,-29.2649,,,,
,18.88889,-29.1626,,,,
,18.91331,-29.10118,,,,
,18.93773,-29.10551,,,,
,18.96215,-29.11902,,,,
,18.98657,-29.18333,,,,
,19.01099,-29.27692,,,,
,19.03541,-29.37668,,,,
,19.05983,-29.47791,,,,
,19.08425,-29.57198,,,,
,19.10867,-29.69536,,,,
,19.13309,-29.82056,,,,
,19.15751,-29.87408,,,,
,19.18193,-29.90643,,,,
,19.20635,-29.97281,,,,
,19.23077,-30.07082,,,,
,19.25519,-30.15594,,,,
,19.27961,-30.25489,,,,
,19.30403,-30.37766,,,,
,19.32845,-30.53972,,,,
,19.35287,-30.68172,,,,
,19.37729,-30.77404,,,,
,19.40171,-30.78931,,,,
,19.42613,-30.71489,,,,
,19.45055,-30.58205,,,,
,19.47497,-30.48035,,,,
,19.49939,-30.41377,,,,
,19.52381,-30.34698,,,,
,19.54823,-30.29903,,,,
,19.57265,-30.27354,,,,
,19.59707,-30.2888,,,,
,19.62149,-30.28825,,,,
,19.64591,-30.24618,,,,
,19.67033,-30.1218,,,,
,19.69475,-29.95763,,,,
,19.71917,-29.80199,,,,
,19.74359,-29.67779,,,,
,19.76801,-29.55397,,,,
,19.79243,-29.39778,,,,
,19.81685,-29.22323,,,,
,19.84127,-29.05793,,,,
,19.86569,-28.89704,,,,
,19.89011,-28.78692,,,,
,19.91453,-28.79471,,,,
,19.93895,-28.82838,,,,
,19.96337,-28.85857,,,,
,19.98779,-28.89983,,,,
,20.01221,-28.90636,,,,
,20.03663,-28.91415,,,,
,20.06105,-28.9497,,,,
,20.08547,-29.04541,,,,
,20.10989,-29.18231,,,,
,20.13431,-29.34559,,,,
,20.15873,-29.49227,,,,
,20.18315,-29.62482,,,,
,20.20757,-29.76303,,,,
,20.23199,-29.94643,,,,
,20.25641,-30.16634,,,,
,20.28083,-30.35325,,,,
,20.30525,-30.54085,,,,
,20.32967,-30.73676,,,,
,20.35409,-30.88048,,,,
,20.37851,-31.05397,,,,
,20.40293,-31.24998,,,,
,20.42735,-31.44588,,,,
,20.45177,-31.68112,,,,
,20.47619,-31.99562,,,,
,20.50061,-32.29253,,,,
,20.52503,-32.54478,,,,
,20.54945,-32.70552,,,,
,20.57387,-32.78155,,,,
,20.59829,-32.77633,,,,
,20.62271,-32.73701,,,,
,20.64713,-32.67994,,,,
,20.67155,-32.53878,,,,
,20.69597,-32.32254,,,,
,20.72039,-32.06699,,,,
,20.74481,-31.77238,,,,
,20.76923,-31.4232,,,,
,20.79365,-31.06501,,,,
,20.81807,-30.72731,,,,
,20.84249,-30.42735,,,,
,20.86691,-30.14281,,,,
,20.89133,-29.89178,,,,
,20.91575,-29.66784,,,,
,20.94017,-29.50084,,,,
,20.96459,-29.39222,,,,
,20.98901,-29.32313,,,,
,21.01343,-29.28148,,,,
,21.03785,-29.25562,,,,
,21.06227,-29.19674,,,,
,21.08669,-29.10443,,,,
,21.11111,-29.02069,,,,
,21.13553,-28.96079,,,,
,21.15995,-28.92778,,,,
,21.18437,-28.90221,,,,
,21.20879,-28.84045,,,,
,21.23321,-28.7308,,,,
,21.25763,-28.54045,,,,
,21.28205,-28.31543,,,,
,21.30647,-28.05851,,,,
,21.33089,-27.78741,,,,
,21.35531,-27.49932,,,,
,21.37973,-27.18439,,,,
,21.40415,-26.90758,,,,
,21.42857,-26.67709,,,,
,21.45299,-26.50409,,,,
,21.47741,-26.3855,,,,
,21.50183,-26.26043,,,,
,21.52625,-26.15675,,,,
,21.55067,-26.11996,,,,
,21.57509,-26.09739,,,,
,21.59951,-26.06234,,,,
,21.62393,-26.02176,,,,
,21.64835,-25.99853,,,,
,21.67277,-26.02245,,,,
,21.69719,-26.07916,,,,
,21.72161,-26.12493,,,,
,21.74603,-26.15099,,,,
,21.77045,-26.21128,,,,
,21.79487,-26.28897,,,,
,21.81929,-26.34745,,,,
,21.84371,-26.37893,,,,
,21.86813,-26.42613,,,,
,21.89255,-26.5211,,,,
,21.91697,-26.62023,,,,
,21.94139,-26.74443,,,,
,21.96581,-26.78282,,,,
,21.99023,-26.73095,,,,
,22.01465,-26.69725,,,,
,22.03907,-26.67549,,,,
,22.06349,-26.63388,,,,
,22.08791,-26.54048,,,,
,22.11233,-26.45151,,,,
,22.13675,-26.43046,,,,
,22.16117,-26.52898,,,,
,22.18559,-26.63393,,,,
,22.21001,-26.67137,,,,
,22.23443,-26.60263,,,,
,22.25885,-26.51385,,,,
,22.28327,-26.44283,,,,
,22.30769,-26.34878,,,,
,22.33211,-26.19267,,,,
,22.35653,-25.98858,,,,
,22.38095,-25.83967,,,,
,22.40537,-25.71995,,,,
,22.42979,-25.57287,,,,
,22.45421,-25.40478,,,,
,22.47863,-25.23441,,,,
,22.50305,-25.06919,,,,
,22.52747,-24.89599,,,,
,22.55189,-24.72259,,,,
,22.57631,-24.56304,,,,
,22.60073,-24.41982,,,,
,22.62515,-24.27884,,,,
,22.64957,-24.20011,,,,
,22.67399,-24.10197,,,,
,22.69841,-23.98049,,,,
,22.72283,-23.92003,,,,
,22.74725,-23.89862,,,,
,22.77167,-23.94503,,,,
,22.79609,-24.04351,,,,
,22.82051,-24.1553,,,,
,22.84493,-24.22034,,,,
,22.86935,-24.27545,,,,
,22.89377,-24.34662,,,,
,22.91819,-24.45699,,,,
,22.94261,-24.59754,,,,
,22.96703,-24.70601,,,,
,22.99145,-24.74705,,,,
,23.01587,-24.7284,,,,
,23.04029,-24.72113,,,,
,23.06471,-24.72392,,,,
,23.08913,-24.74681,,,,
,23.11355,-24.80952,,,,
,23.13797,-24.89481,,,,
,23.16239,-24.96399,,,,
,23.18681,-25.08047,,,,
,23.21123,-25.22129,,,,
,23.23565,-25.39463,,,,
,23.26007,-25.61278,,,,
,23.28449,-25.83812,,,,
,23.30891,-26.0777,,,,
,23.33333,-26.3031,,,,
,23.35775,-26.49486,,,,
,23.38217,-26.65589,,,,
,23.40659,-26.82391,,,,
,23.43101,-27.01568,,,,
,23.45543,-27.19935,,,,
,23.47985,-27.32485,,,,
,23.50427,-27.41931,,,,
,23.52869,-27.51944,,,,
,23.55311,-27.65149,,,,
,23.57753,-27.81429,,,,
,23.60195,-27.91606,,,,
,23.62637,-27.99986,,,,
,23.65079,-28.0182,,,,
,23.67521,-27.96531,,,,
,23.69963,-27.83605,,,,
,23.72405,-27.66807,,,,
,23.74847,-27.54339,,,,
,23.77289,-27.47836,,,,
,23.79731,-27.43814,,,,
,23.82173,-27.35118,,,,
,23.84615,-27.25326,,,,
,23.87057,-27.19315,,,,
,23.89499,-27.14758,,,,
,23.91941,-27.07902,,,,
,23.94383,-27.05025,,,,
,23.96825,-27.04572,,,,
,23.99267,-27.07063,,,,
,24.01709,-27.13475,,,,
,24.04151,-27.18183,,,,
,24.06593,-27.19563,,,,
,24.09035,-27.1782,,,,
,24.11477,-27.17473,,,,
,24.13919,-27.16401,,,,
,24.16361,-27.16957,,,,
,24.18803,-27.15629,,,,
,24.21245,-27.06213,,,,
,24.23687,-26.87742,,,,
,24.26129,-26.65842,,,,
,24.28571,-26.43719,,,,
,24.31013,-26.18603,,,,
,24.33455,-25.87604,,,,
,24.35897,-25.58899,,,,
,24.38339,-25.35813,,,,
,24.40781,-25.15414,,,,
,24.43223,-24.96465,,,,
,24.45665,-24.81196,,,,
,24.48107,-24.62297,,,,
,24.50549,-24.40172,,,,
,24.52991,-24.16077,,,,
,24.55433,-23.93293,,,,
,24.57875,-23.73287,,,,
,24.60317,-23.53164,,,,
,24.62759,-23.3094,,,,
,24.65201,-23.06873,,,,
,24.67643,-22.8409,,,,
,24.70085,-22.66981,,,,
,24.72527,-22.53202,,,,
,24.74969,-22.45342,,,,
,24.77411,-22.45824,,,,
,24.79853,-22.58395,,,,
,24.82295,-22.75864,,,,
,24.84737,-22.99059,,,,
,24.87179,-23.23097,,,,
,24.89621,-23.44043,,,,
,24.92063,-23.64929,,,,
,24.94505,-23.8448,,,,
,24.96947,-24.05019,,,,
,24.99389,-24.26354,,,,
,25.01832,-24.45437,,,,
,25.04274,-24.61245,,,,
,25.06716,-24.75225,,,,
,25.09158,-24.86665,,,,
,25.116,-24.96162,,,,
,25.14042,-25.03795,,,,
,25.16484,-25.07414,,,,
,25.18926,-25.03688,,,,
,25.21368,-24.97187,,,,
,25.2381,-24.89199,,,,
,25.26252,-24.80761,,,,
,25.28694,-24.67192,,,,
,25.31136,-24.5295,,,,
,25.33578,-24.40174,,,,
,25.3602,-24.27965,,,,
,25.38462,-24.17463,,,,
,25.40904,-24.1292,,,,
,25.43346,-24.09284,,,,
,25.45788,-24.03795,,,,
,25.4823,-23.92134,,,,
,25.50672,-23.79388,,,,
,25.53114,-23.7327,,,,
,25.55556,-23.68631,,,,
,25.57998,-23.6309,,,,
,25.6044,-23.52436,,,,
,25.62882,-23.36566,,,,
,25.65324,-23.17975,,,,
,25.67766,-22.92362,,,,
,25.70208,-22.58369,,,,
,25.7265,-22.20958,,,,
,25.75092,-21.85289,,,,
,25.77534,-21.49691,,,,
,25.79976,-21.15916,,,,
,25.82418,-20.87983,,,,
,25.8486,-20.70153,,,,
,25.87302,-20.57439,,,,
,25.89744,-20.46326,,,,
,25.92186,-20.37556,,,,
,25.94628,-20.31395,,,,
,25.9707,-20.27775,,,,
,25.99512,-20.24248,,,,
,26.01954,-20.20124,,,,
,26.04396,-20.18981,,,,
,26.06838,-20.16924,,,,
,26.0928,-20.08623,,,,
,26.11722,-19.94269,,,,
,26.14164,-19.7505,,,,
,26.16606,-19.55732,,,,
,26.19048,-19.33817,,,,
,26.2149,-19.14711,,,,
,26.23932,-18.96736,,,,
,26.26374,-18.79617,,,,
,26.28816,-18.67216,,,,
,26.31258,-18.57496,,,,
,26.337,-18.48023,,,,
,26.36142,-18.37393,,,,
,26.38584,-18.19505,,,,
,26.41026,-17.9889,,,,
,26.43468,-17.82005,,,,
,26.4591,-17.65185,,,,
,26.48352,-17.44553,,,,
,26.50794,-17.22925,,,,
,26.53236,-16.99989,,,,
,26.55678,-16.75224,,,,
,26.5812,-16.50836,,,,
,26.60562,-16.24285,,,,
,26.63004,-15.99247,,,,
,26.65446,-15.81316,,,,
,26.67888,-15.69595,,,,
,26.7033,-15.56232,,,,
,26.72772,-15.49134,,,,
,26.75214,-15.49256,,,,
,26.77656,-15.55626,,,,
,26.80098,-15.67219,,,,
,26.8254,-15.77573,,,,
,26.84982,-15.8539,,,,
,26.87424,-15.90617,,,,
,26.89866,-15.92533,,,,
,26.92308,-16.00245,,,,
,26.9475,-16.18352,,,,
,26.97192,-16.40114,,,,
,26.99634,-16.60363,,,,
,27.02076,-16.81033,,,,
,27.04518,-17.08969,,,,
,27.0696,-17.42296,,,,
,27.09402,-17.74929,,,,
,27.11844,-18.06111,,,,
,27.14286,-18.3543,,,,
,27.16728,-18.60398,,,,
,27.1917,-18.78065,,,,
,27.21612,-18.94309,,,,
,27.24054,-19.16737,,,,
,27.26496,-19.4274,,,,
,27.28938,-19.69427,,,,
,27.3138,-19.9803,,,,
,27.33822,-20.29068,,,,
,27.36264,-20.53607,,,,
,27.38706,-20.7381,,,,
,27.41148,-20.93049,,,,
,27.4359,-21.13967,,,,
,27.46032,-21.37493,,,,
,27.48474,-21.56482,,,,
,27.50916,-21.6721,,,,
,27.53358,-21.73993,,,,
,27.558,-21.79936,,,,
,27.58242,-21.8123,,,,
,27.60684,-21.77485,,,,
,27.63126,-21.74389,,,,
,27.65568,-21.73239,,,,
,27.6801,-21.67553,,,,
,27.70452,-21.53616,,,,
,27.72894,-21.36715,,,,
,27.75336,-21.19616,,,,
,27.77778,-21.00258,,,,
,27.8022,-20.80331,,,,
,27.82662,-20.61659,,,,
,27.85104,-20.4947,,,,
,27.87546,-20.40934,,,,
,27.89988,-20.27411,,,,
,27.9243,-20.1074,,,,
,27.94872,-19.871,,,,
,27.97314,-19.51403,,,,
,27.99756,-19.11414,,,,
,28.02198,-18.73509,,,,
,28.0464,-18.33902,,,,
,28.07082,-17.9679,,,,
,28.09524,-17.64539,,,,
,28.11966,-17.31523,,,,
,28.14408,-17.00188,,,,
,28.1685,-16.69558,,,,
,28.19292,-16.39909,,,,
,28.21734,-16.14357,,,,
,28.24176,-15.95575,,,,
,28.26618,-15.81247,,,,
,28.2906,-15.7776,,,,
,28.31502,-15.77754,,,,
,28.33944,-15.74381,,,,
,28.36386,-15.7096,,,,
,28.38828,-15.69665,,,,
,28.4127,-15.67866,,,,
,28.43712,-15.61265,,,,
,28.46154,-15.58954,,,,
,28.48596,-15.59266,,,,
,28.51038,-15.54545,,,,
,28.5348,-15.46525,,,,
,28.55922,-15.41396,,,,
,28.58364,-15.39997,,,,
,28.60806,-15.37053,,,,
,28.63248,-15.31387,,,,
,28.6569,-15.29407,,,,
,28.68132,-15.33712,,,,
,28.70574,-15.39324,,,,
,28.73016,-15.44118,,,,
,28.75458,-15.51096,,,,
,28.779,-15.60492,,,,
,28.80342,-15.66554,,,,
,28.82784,-15.66545,,,,
,28.85226,-15.73417,,,,
,28.87668,-15.83537,,,,
,28.9011,-15.93859,,,,
,28.92552,-16.03113,,,,
,28.94994,-16.07173,,,,
,28.97436,-16.07203,,,,
,28.99878,-16.08221,,,,
,29.0232,-16.13745,,,,
,29.04762,-16.22502,,,,
,29.07204,-16.32992,,,,
,29.09646,-16.43839,,,,
,29.12088,-16.54959,,,,
,29.1453,-16.68486,,,,
,29.16972,-16.82457,,,,
,29.19414,-16.87482,,,,
,29.21856,-16.896,,,,
,29.24298,-16.90847,,,,
,29.2674,-16.90889,,,,
,29.29182,-16.9258,,,,
,29.31624,-16.95841,,,,
,29.34066,-17.02412,,,,
,29.36508,-17.17811,,,,
,29.3895,-17.37289,,,,
,29.41392,-17.55465,,,,
,29.43834,-17.75242,,,,
,29.46276,-17.9512,,,,
,29.48718,-18.14035,,,,
,29.5116,-18.26218,,,,
,29.53602,-18.39452,,,,
,29.56044,-18.53305,,,,
,29.58486,-18.64843,,,,
,29.60928,-18.72951,,,,
,29.6337,-18.73654,,,,
,29.65812,-18.66847,,,,
,29.68254,-18.58351,,,,
,29.70696,-18.5503,,,,
,29.73138,-18.53808,,,,
,29.7558,-18.48588,,,,
,29.78022,-18.39504,,,,
,29.80464,-18.31657,,,,
,29.82906,-18.24256,,,,
,29.85348,-18.18498,,,,
,29.8779,-18.18792,,,,
,29.90232,-18.21799,,,,
,29.92674,-18.21646,,,,
,29.95116,-18.18657,,,,
,29.97558,-18.13061,,,,
,30,-18.06797,,,,
,30.02442,-18.01167,,,,
,30.04884,-17.94835,,,,
,30.07326,-17.8244,,,,
,30.09768,-17.6219,,,,
,30.1221,-17.35056,,,,
,30.14652,-17.04117,,,,
,30.17094,-16.76729,,,,
,30.19536,-16.50142,,,,
,30.21978,-16.25755,,,,
,30.2442,-16.04828,,,,
,30.26862,-15.82972,,,,
,30.29304,-15.6572,,,,
,30.31746,-15.48767,,,,
,30.34188,-15.27139,,,,
,30.3663,-15.063,,,,
,30.39072,-14.86975,,,,
,30.41514,-14.73196,,,,
,30.43956,-14.60051,,,,
,30.46398,-14.50392,,,,
,30.4884,-14.44945,,,,
,30.51282,-14.34958,,,,
,30.53724,-14.26928,,,,
,30.56166,-14.24885,,,,
,30.58608,-14.21823,,,,
,30.6105,-14.18191,,,,
,30.63492,-14.15205,,,,
,30.65934,-14.1168,,,,
,30.68376,-14.07763,,,,
,30.70818,-13.96391,,,,
,30.7326,-13.86974,,,,
,30.75702,-13.86298,,,,
,30.78144,-13.84949,,,,
,30.80586,-13.82408,,,,
,30.83028,-13.85124,,,,
,30.8547,-13.88518,,,,
,30.87912,-13.91912,,,,
,30.90354,-13.96605,,,,
,30.92796,-14.03423,,,,
,30.95238,-14.08306,,,,
,30.9768,-14.14072,,,,
,31.00122,-14.18255,,,,
,31.02564,-14.27116,,,,
,31.05006,-14.42282,,,,
,31.07448,-14.62629,,,,
,31.0989,-14.84304,,,,
,31.12332,-15.08336,,,,
,31.14774,-15.33347,,,,
,31.17216,-15.61346,,,,
,31.19658,-15.97981,,,,
,31.221,-16.29884,,,,
,31.24542,-16.45146,,,,
,31.26984,-16.42295,,,,
,31.29426,-16.28959,,,,
,31.31868,-16.1293,,,,
,31.3431,-15.98082,,,,
,31.36752,-15.78231,,,,
,31.39194,-15.56415,,,,
,31.41636,-15.35421,,,,
,31.44078,-15.1589,,,,
,31.4652,-14.99459,,,,
,31.48962,-14.84438,,,,
,31.51404,-14.72665,,,,
,31.53846,-14.64167,,,,
,31.56288,-14.57857,,,,
,31.5873,-14.50058,,,,
,31.61172,-14.41031,,,,
,31.63614,-14.33869,,,,
,31.66056,-14.33019,,,,
,31.68498,-14.35448,,,,
,31.7094,-14.38159,,,,
,31.73382,-14.35821,,,,
,31.75824,-14.33501,,,,
,31.78266,-14.34161,,,,
,31.80708,-14.3261,,,,
,31.8315,-14.33711,,,,
,31.85592,-14.37412,,,,
,31.88034,-14.3772,,,,
,31.90476,-14.34812,,,,
,31.92918,-14.29449,,,,
,31.9536,-14.22506,,,,
,31.97802,-14.17907,,,,
,32.00244,-14.12953,,,,
,32.02686,-14.01757,,,,
,32.05128,-13.87473,,,,
,32.0757,-13.79513,,,,
,32.10012,-13.76382,,,,
,32.12454,-13.75249,,,,
,32.14896,-13.74997,,,,
,32.17338,-13.77569,,,,
,32.1978,-13.81741,,,,
,32.22222,-13.85404,,,,
,32.24664,-13.86795,,,,
,32.27106,-13.87575,,,,
,32.29548,-13.89169,,,,
,32.3199,-13.92258,,,,
,32.34432,-13.95171,,,,
,32.36874,-13.92745,,,,
,32.39316,-13.87542,,,,
,32.41758,-13.80239,,,,
,32.442,-13.63973,,,,
,32.46642,-13.483,,,,
,32.49084,-13.2886,,,,
,32.51526,-13.15666,,,,
,32.53968,-13.10313,,,,
,32.5641,-13.16261,,,,
,32.58852,-13.22503,,,,
,32.61294,-13.26918,,,,
,32.63736,-13.23125,,,,
,32.66178,-13.21159,,,,
,32.6862,-13.21681,,,,
,32.71062,-13.29548,,,,
,32.73504,-13.42784,,,,
,32.75946,-13.56386,,,,
,32.78388,-13.69811,,,,
,32.8083,-13.86475,,,,
,32.83272,-13.99813,,,,
,32.85714,-14.13567,,,,
,32.88156,-14.25235,,,,
,32.90598,-14.32516,,,,
,32.9304,-14.41021,,,,
,32.95482,-14.4911,,,,
,32.97924,-14.54634,,,,
,33.00366,-14.61298,,,,
,33.02808,-14.68177,,,,
,33.0525,-14.69514,,,,
,33.07692,-14.67949,,,,
,33.10134,-14.63251,,,,
,33.12576,-14.53686,,,,
,33.15018,-14.43562,,,,
,33.1746,-14.36033,,,,
,33.19902,-14.31621,,,,
,33.22344,-14.26918,,,,
,33.24786,-14.20144,,,,
,33.27228,-14.12588,,,,
,33.2967,-14.06269,,,,
,33.32112,-14.02104,,,,
,33.34554,-13.94792,,,,
,33.36996,-13.90703,,,,
,33.39438,-13.89572,,,,
,33.4188,-13.87237,,,,
,33.44322,-13.8875,,,,
,33.46764,-13.9568,,,,
,33.49206,-14.00295,,,,
,33.51648,-14.00035,,,,
,33.5409,-13.95553,,,,
,33.56532,-13.86611,,,,
,33.58974,-13.7397,,,,
,33.61416,-13.57317,,,,
,33.63858,-13.33355,,,,
,33.663,-13.06586,,,,
,33.68742,-12.79662,,,,
,33.71184,-12.57945,,,,
,33.73626,-12.41981,,,,
,33.76068,-12.38369,,,,
,33.7851,-12.44133,,,,
,33.80952,-12.56633,,,,
,33.83394,-12.70293,,,,
,33.85836,-12.93024,,,,
,33.88278,-13.12414,,,,
,33.9072,-13.20874,,,,
,33.93162,-13.33044,,,,
,33.95604,-13.47774,,,,
,33.98046,-13.57689,,,,
,34.00488,-13.61824,,,,
,34.0293,-13.59828,,,,
,34.05372,-13.62433,,,,
,34.07814,-13.72186,,,,
,34.10256,-13.91089,,,,
,34.12698,-14.10418,,,,
,34.1514,-14.32525,,,,
,34.17582,-14.56521,,,,
,34.20024,-14.78049,,,,
,34.22466,-14.98525,,,,
,34.24908,-15.12837,,,,
,34.2735,-15.23107,,,,
,34.29792,-15.27653,,,,
,34.32234,-15.30013,,,,
,34.34676,-15.33794,,,,
,34.37118,-15.31741,,,,
,34.3956,-15.29524,,,,
,34.42002,-15.33888,,,,
,34.44444,-15.37749,,,,
,34.46886,-15.38139,,,,
,34.49328,-15.39105,,,,
,34.5177,-15.3965,,,,
,34.54212,-15.37522,,,,
,34.56654,-15.32384,,,,
,34.59096,-15.23309,,,,
,34.61538,-15.12754,,,,
,34.6398,-14.98338,,,,
,34.66422,-14.8471,,,,
,34.68864,-14.74451,,,,
,34.71306,-14.63131,,,,
,34.73748,-14.55759,,,,
,34.7619,-14.45317,,,,
,34.78632,-14.28521,,,,
,34.81074,-14.12978,,,,
,34.83516,-13.94566,,,,
,34.85958,-13.72892,,,,
,34.884,-13.51602,,,,
,34.90842,-13.315,,,,
,34.93284,-13.08897,,,,
,34.95726,-12.86732,,,,
,34.98168,-12.66488,,,,
,35.00611,-12.47125,,,,
,35.03053,-12.30732,,,,
,35.05495,-12.12731,,,,
,35.07937,-11.97832,,,,
,35.10379,-11.93206,,,,
,35.12821,-11.98774,,,,
,35.15263,-12.0528,,,,
,35.17705,-12.0641,,,,
,35.20147,-12.07654,,,,
,35.22589,-12.14381,,,,
,35.25031,-12.27329,,,,
,35.27473,-12.40373,,,,
,35.29915,-12.47459,,,,
,35.32357,-12.48299,,,,
,35.34799,-12.43141,,,,
,35.37241,-12.3523,,,,
,35.39683,-12.27914,,,,
,35.42125,-12.22481,,,,
,35.44567,-12.19246,,,,
,35.47009,-12.17268,,,,
,35.49451,-12.13287,,,,
,35.51893,-12.07181,,,,
,35.54335,-12.07142,,,,
,35.56777,-12.12123,,,,
,35.59219,-12.16941,,,,
,35.61661,-12.17501,,,,
,35.64103,-12.14569,,,,
,35.66545,-12.06552,,,,
,35.68987,-11.98567,,,,
,35.71429,-11.92479,,,,
,35.73871,-11.89907,,,,
,35.76313,-11.87909,,,,
,35.78755,-11.82446,,,,
,35.81197,-11.77349,,,,
,35.83639,-11.72783,,,,
,35.86081,-11.6493,,,,
,35.88523,-11.54604,,,,
,35.90965,-11.41485,,,,
,35.93407,-11.23904,,,,
,35.95849,-11.06669,,,,
,35.98291,-10.92268,,,,
,36.00733,-10.79167,,,,
,36.03175,-10.63122,,,,
,36.05617,-10.49386,,,,
,36.08059,-10.37256,,,,
,36.10501,-10.26292,,,,
,36.12943,-10.19917,,,,
,36.15385,-10.22819,,,,
,36.17827,-10.32782,,,,
,36.20269,-10.46828,,,,
,36.22711,-10.65403,,,,
,36.25153,-10.87338,,,,
,36.27595,-11.00443,,,,
,36.30037,-11.11276,,,,
,36.32479,-11.2752,,,,
,36.34921,-11.44472,,,,
,36.37363,-11.59707,,,,
,36.39805,-11.75025,,,,
,36.42247,-11.87614,,,,
,36.44689,-11.9332,,,,
,36.47131,-11.98966,,,,
,36.49573,-12.04293,,,,
,36.52015,-12.04034,,,,
,36.54457,-11.98429,,,,
,36.56899,-11.90596,,,,
,36.59341,-11.82189,,,,
,36.61783,-11.76207,,,,
,36.64225,-11.76533,,,,
,36.66667,-11.7995,,,,
,36.69109,-11.89109,,,,
,36.71551,-11.98371,,,,
,36.73993,-12.08354,,,,
,36.76435,-12.1824,,,,
,36.78877,-12.2668,,,,
,36.81319,-12.35762,,,,
,36.83761,-12.41608,,,,
,36.86203,-12.41473,,,,
,36.88645,-12.40454,,,,
,36.91087,-12.37768,,,,
,36.93529,-12.33262,,,,
,36.95971,-12.24592,,,,
,36.98413,-12.1275,,,,
,37.00855,-12.0514,,,,
,37.03297,-11.98699,,,,
,37.05739,-11.90833,,,,
,37.08181,-11.84574,,,,
,37.10623,-11.82607,,,,
,37.13065,-11.81568,,,,
,37.15507,-11.87182,,,,
,37.17949,-12.02561,,,,
,37.20391,-12.18041,,,,
,37.22833,-12.28258,,,,
,37.25275,-12.41759,,,,
,37.27717,-12.52955,,,,
,37.30159,-12.58818,,,,
,37.32601,-12.6317,,,,
,37.35043,-12.64651,,,,
,37.37485,-12.59934,,,,
,37.39927,-12.5093,,,,
,37.42369,-12.44497,,,,
,37.44811,-12.42897,,,,
,37.47253,-12.42292,,,,
,37.49695,-12.37133,,,,
,37.52137,-12.28042,,,,
,37.54579,-12.19167,,,,
,37.57021,-12.09745,,,,
,37.59463,-12.03412,,,,
,37.61905,-11.93881,,,,
,37.64347,-11.82505,,,,
,37.66789,-11.7328,,,,
,37.69231,-11.64973,,,,
,37.71673,-11.55759,,,,
,37.74115,-11.4265,,,,
,37.76557,-11.24355,,,,
,37.78999,-11.02496,,,,
,37.81441,-10.80272,,,,
,37.83883,-10.53446,,,,
,37.86325,-10.27042,,,,
,37.88767,-10.02036,,,,
,37.91209,-9.806828,,,,
,37.93651,-9.59401,,,,
,37.96093,-9.371549,,,,
,37.98535,-9.167606,,,,
,38.00977,-8.952725,,,,
,38.03419,-8.779555,,,,
,38.05861,-8.650389,,,,
,38.08303,-8.533079,,,,
,38.10745,-8.421678,,,,
,38.13187,-8.338142,,,,
,38.15629,-8.23523,,,,
,38.18071,-8.095141,,,,
,38.20513,-7.954074,,,,
,38.22955,-7.814248,,,,
,38.25397,-7.710942,,,,
,38.27839,-7.658744,,,,
,38.30281,-7.659648,,,,
,38.32723,-7.671726,,,,
,38.35165,-7.665946,,,,
,38.37607,-7.68752,,,,
,38.40049,-7.739602,,,,
,38.42491,-7.785336,,,,
,38.44933,-7.872417,,,,
,38.47375,-7.963737,,,,
,38.49817,-8.034433,,,,
,38.52259,-8.095975,,,,
,38.54701,-8.243481,,,,
,38.57143,-8.476005,,,,
,38.59585,-8.709799,,,,
,38.62027,-8.867477,,,,
,38.64469,-8.971087,,,,
,38.66911,-9.045332,,,,
,38.69353,-9.148628,,,,
,38.71795,-9.228835,,,,
,38.74237,-9.261266,,,,
,38.76679,-9.275099,,,,
,38.79121,-9.310112,,,,
,38.81563,-9.332492,,,,
,38.84005,-9.383822,,,,
,38.86447,-9.430233,,,,
,38.88889,-9.494252,,,,
,38.91331,-9.616498,,,,
,38.93773,-9.781046,,,,
,38.96215,-9.972925,,,,
,38.98657,-10.12868,,,,
,39.01099,-10.23244,,,,
,39.03541,-10.29204,,,,
,39.05983,-10.36341,,,,
,39.08425,-10.45861,,,,
,39.10867,-10.56025,,,,
,39.13309,-10.62075,,,,
,39.15751,-10.65323,,,,
,39.18193,-10.64132,,,,
,39.20635,-10.60796,,,,
,39.23077,-10.56439,,,,
,39.25519,-10.49116,,,,
,39.27961,-10.40257,,,,
,39.30403,-10.31562,,,,
,39.32845,-10.27116,,,,
,39.35287,-10.2422,,,,
,39.37729,-10.19229,,,,
,39.40171,-10.08889,,,,
,39.42613,-9.96394,,,,
,39.45055,-9.863317,,,,
,39.47497,-9.804467,,,,
,39.49939,-9.763185,,,,
,39.52381,-9.72868,,,,
,39.54823,-9.698629,,,,
,39.57265,-9.62189,,,,
,39.59707,-9.491496,,,,
,39.62149,-9.377826,,,,
,39.64591,-9.291884,,,,
,39.67033,-9.238672,,,,
,39.69475,-9.19191,,,,
,39.71917,-9.174413,,,,
,39.74359,-9.173206,,,,
,39.76801,-9.127556,,,,
,39.79243,-8.966152,,,,
,39.81685,-8.75599,,,,
,39.84127,-8.567339,,,,
,39.86569,-8.370603,,,,
,39.89011,-8.197644,,,,
,39.91453,-8.092631,,,,
,39.93895,-8.030253,,,,
,39.96337,-7.940098,,,,
,39.98779,-7.807809,,,,
,40.01221,-7.673636,,,,
,40.03663,-7.527625,,,,
,40.06105,-7.388891,,,,
,40.08547,-7.2969,,,,
,40.10989,-7.212483,,,,
,40.13431,-7.09876,,,,
,40.15873,-6.90901,,,,
,40.18315,-6.711866,,,,
,40.20757,-6.590897,,,,
,40.23199,-6.524784,,,,
,40.25641,-6.525457,,,,
,40.28083,-6.615558,,,,
,40.30525,-6.749797,,,,
,40.32967,-6.888009,,,,
,40.35409,-7.015517,,,,
,40.37851,-7.195605,,,,
,40.40293,-7.422063,,,,
,40.42735,-7.598657,,,,
,40.45177,-7.736621,,,,
,40.47619,-7.865648,,,,
,40.50061,-7.955737,,,,
,40.52503,-8.025565,,,,
,40.54945,-8.063664,,,,
,40.57387,-8.081216,,,,
,40.59829,-8.097202,,,,
,40.62271,-8.106963,,,,
,40.64713,-8.109817,,,,
,40.67155,-8.087247,,,,
,40.69597,-8.05254,,,,
,40.72039,-8.016633,,,,
,40.74481,-7.938918,,,,
,40.76923,-7.801258,,,,
,40.79365,-7.680079,,,,
,40.81807,-7.617694,,,,
,40.84249,-7.550384,,,,
,40.86691,-7.462836,,,,
,40.89133,-7.351489,,,,
,40.91575,-7.246718,,,,
,40.94017,-7.179974,,,,
,40.96459,-7.098193,,,,
,40.98901,-6.946804,,,,
,41.01343,-6.770246,,,,
,41.03785,-6.63178,,,,
,41.06227,-6.507997,,,,
,41.08669,-6.391155,,,,
,41.11111,-6.338906,,,,
,41.13553,-6.285105,,,,
,41.15995,-6.209652,,,,
,41.18437,-6.103244,,,,
,41.20879,-5.983524,,,,
,41.23321,-5.839389,,,,
,41.25763,-5.701562,,,,
,41.28205,-5.643789,,,,
,41.30647,-5.649091,,,,
,41.33089,-5.621042,,,,
,41.35531,-5.522552,,,,
,41.37973,-5.3861,,,,
,41.40415,-5.196863,,,,
,41.42857,-4.987265,,,,
,41.45299,-4.831803,,,,
,41.47741,-4.699259,,,,
,41.50183,-4.632569,,,,
,41.52625,-4.603861,,,,
,41.55067,-4.584499,,,,
,41.57509,-4.558948,,,,
,41.59951,-4.55282,,,,
,41.62393,-4.546086,,,,
,41.64835,-4.569618,,,,
,41.67277,-4.580163,,,,
,41.69719,-4.573291,,,,
,41.72161,-4.562135,,,,
,41.74603,-4.597583,,,,
,41.77045,-4.70236,,,,
,41.79487,-4.79543,,,,
,41.81929,-4.831207,,,,
,41.84371,-4.794108,,,,
,41.86813,-4.795464,,,,
,41.89255,-4.816195,,,,
,41.91697,-4.901904,,,,
,41.94139,-5.060246,,,,
,41.96581,-5.242558,,,,
,41.99023,-5.44609,,,,
,42.01465,-5.632312,,,,
,42.03907,-5.750099,,,,
,42.06349,-5.847602,,,,
,42.08791,-5.895713,,,,
,42.11233,-5.890804,,,,
,42.13675,-5.861286,,,,
,42.16117,-5.883695,,,,
,42.18559,-5.933194,,,,
,42.21001,-5.98993,,,,
,42.23443,-6.057389,,,,
,42.25885,-6.185661,,,,
,42.28327,-6.308651,,,,
,42.30769,-6.387383,,,,
,42.33211,-6.410768,,,,
,42.35653,-6.368288,,,,
,42.38095,-6.322265,,,,
,42.40537,-6.309619,,,,
,42.42979,-6.321349,,,,
,42.45421,-6.346112,,,,
,42.47863,-6.357753,,,,
,42.50305,-6.403975,,,,
,42.52747,-6.484695,,,,
,42.55189,-6.540843,,,,
,42.57631,-6.634007,,,,
,42.60073,-6.741,,,,
,42.62515,-6.802886,,,,
,42.64957,-6.838923,,,,
,42.67399,-6.885783,,,,
,42.69841,-6.915703,,,,
,42.72283,-6.902864,,,,
,42.74725,-6.863054,,,,
,42.77167,-6.766716,,,,
,42.79609,-6.61648,,,,
,42.82051,-6.411024,,,,
,42.84493,-6.23729,,,,
,42.86935,-6.070859,,,,
,42.89377,-5.894008,,,,
,42.91819,-5.772828,,,,
,42.94261,-5.677407,,,,
,42.96703,-5.546472,,,,
,42.99145,-5.386753,,,,
,43.01587,-5.240476,,,,
,43.04029,-5.181792,,,,
,43.06471,-5.161715,,,,
,43.08913,-5.115605,,,,
,43.11355,-5.042309,,,,
,43.13797,-5.019952,,,,
,43.16239,-5.088534,,,,
,43.18681,-5.182147,,,,
,43.21123,-5.269622,,,,
,43.23565,-5.366368,,,,
,43.26007,-5.317101,,,,
,43.28449,-5.199438,,,,
,43.30891,-5.122541,,,,
,43.33333,-5.112394,,,,
,43.35775,-5.060164,,,,
,43.38217,-5.05006,,,,
,43.40659,-5.084166,,,,
,43.43101,-5.152287,,,,
,43.45543,-5.166701,,,,
,43.47985,-5.14259,,,,
,43.50427,-5.085673,,,,
,43.52869,-5.052641,,,,
,43.55311,-5.010933,,,,
,43.57753,-4.987812,,,,
,43.60195,-5.021746,,,,
,43.62637,-5.032501,,,,
,43.65079,-5.010503,,,,
,43.67521,-4.999112,,,,
,43.69963,-5.036157,,,,
,43.72405,-5.100551,,,,
,43.74847,-5.22761,,,,
,43.77289,-5.441693,,,,
,43.79731,-5.703382,,,,
,43.82173,-5.983498,,,,
,43.84615,-6.276308,,,,
,43.87057,-6.539163,,,,
,43.89499,-6.735817,,,,
,43.91941,-6.879013,,,,
,43.94383,-7.018595,,,,
,43.96825,-7.072126,,,,
,43.99267,-7.056706,,,,
,44.01709,-6.999761,,,,
,44.04151,-6.999744,,,,
,44.06593,-7.06596,,,,
,44.09035,-7.107968,,,,
,44.11477,-7.063116,,,,
,44.13919,-7.039976,,,,
,44.16361,-7.042447,,,,
,44.18803,-7.034928,,,,
,44.21245,-7.00344,,,,
,44.23687,-6.95353,,,,
,44.26129,-6.82801,,,,
,44.28571,-6.639737,,,,
,44.31013,-6.442838,,,,
,44.33455,-6.264769,,,,
,44.35897,-6.087018,,,,
,44.38339,-5.916498,,,,
,44.40781,-5.73971,,,,
,44.43223,-5.549059,,,,
,44.45665,-5.371135,,,,
,44.48107,-5.168199,,,,
,44.50549,-4.969727,,,,
,44.52991,-4.829364,,,,
,44.55433,-4.718843,,,,
,44.57875,-4.629074,,,,
,44.60317,-4.610321,,,,
,44.62759,-4.632424,,,,
,44.65201,-4.683374,,,,
,44.67643,-4.667041,,,,
,44.70085,-4.612939,,,,
,44.72527,-4.579231,,,,
,44.74969,-4.514601,,,,
,44.77411,-4.466054,,,,
,44.79853,-4.50606,,,,
,44.82295,-4.569644,,,,
,44.84737,-4.622775,,,,
,44.87179,-4.665144,,,,
,44.89621,-4.689001,,,,
,44.92063,-4.693787,,,,
,44.94505,-4.716211,,,,
,44.96947,-4.711104,,,,
,44.99389,-4.651035,,,,
,45.01832,-4.603344,,,,
,45.04274,-4.572996,,,,
,45.06716,-4.544566,,,,
,45.09158,-4.578079,,,,
,45.116,-4.610394,,,,
,45.14042,-4.614562,,,,
,45.16484,-4.641961,,,,
,45.18926,-4.681238,,,,
,45.21368,-4.714498,,,,
,45.2381,-4.77621,,,,
,45.26252,-4.821926,,,,
,45.28694,-4.843016,,,,
,45.31136,-4.836445,,,,
,45.33578,-4.817758,,,,
,45.3602,-4.788884,,,,
,45.38462,-4.79189,,,,
,45.40904,-4.836887,,,,
,45.43346,-4.91754,,,,
,45.45788,-4.98114,,,,
,45.4823,-5.020069,,,,
,45.50672,-5.008737,,,,
,45.53114,-4.968287,,,,
,45.55556,-4.898828,,,,
,45.57998,-4.823551,,,,
,45.6044,-4.763547,,,,
,45.62882,-4.669997,,,,
,45.65324,-4.522229,,,,
,45.67766,-4.420273,,,,
,45.70208,-4.375619,,,,
,45.7265,-4.351172,,,,
,45.75092,-4.262655,,,,
,45.77534,-4.128691,,,,
,45.79976,-3.982591,,,,
,45.82418,-3.777371,,,,
,45.8486,-3.579283,,,,
,45.87302,-3.366616,,,,
,45.89744,-3.179512,,,,
,45.92186,-3.095057,,,,
,45.94628,-3.075541,,,,
,45.9707,-3.039095,,,,
,45.99512,-2.974228,,,,
,46.01954,-2.897903,,,,
,46.04396,-2.856657,,,,
,46.06838,-2.803851,,,,
,46.0928,-2.719291,,,,
,46.11722,-2.669666,,,,
,46.14164,-2.672467,,,,
,46.16606,-2.712172,,,,
,46.19048,-2.715547,,,,
,46.2149,-2.678491,,,,
,46.23932,-2.652561,,,,
,46.26374,-2.665791,,,,
,46.28816,-2.715903,,,,
,46.31258,-2.824999,,,,
,46.337,-2.968803,,,,
,46.36142,-3.085435,,,,
,46.38584,-3.159982,,,,
,46.41026,-3.294311,,,,
,46.43468,-3.475346,,,,
,46.4591,-3.632326,,,,
,46.48352,-3.793013,,,,
,46.50794,-3.976774,,,,
,46.53236,-4.14138,,,,
,46.55678,-4.254471,,,,
,46.5812,-4.384046,,,,
,46.60562,-4.55874,,,,
,46.63004,-4.737909,,,,
,46.65446,-4.897138,,,,
,46.67888,-4.995516,,,,
,46.7033,-5.107699,,,,
,46.72772,-5.275926,,,,
,46.75214,-5.525936,,,,
,46.77656,-5.8163,,,,
,46.80098,-6.094378,,,,
,46.8254,-6.338384,,,,
,46.84982,-6.529877,,,,
,46.87424,-6.687834,,,,
,46.89866,-6.845955,,,,
,46.92308,-6.966858,,,,
,46.9475,-7.014791,,,,
,46.97192,-7.01882,,,,
,46.99634,-7.012229,,,,
,47.02076,-6.953837,,,,
,47.04518,-6.94148,,,,
,47.0696,-6.959843,,,,
,47.09402,-6.969182,,,,
,47.11844,-7.022096,,,,
,47.14286,-7.048544,,,,
,47.16728,-7.029215,,,,
,47.1917,-7.000318,,,,
,47.21612,-6.948876,,,,
,47.24054,-6.872007,,,,
,47.26496,-6.744108,,,,
,47.28938,-6.58823,,,,
,47.3138,-6.424958,,,,
,47.33822,-6.274726,,,,
,47.36264,-6.114344,,,,
,47.38706,-5.895265,,,,
,47.41148,-5.637987,,,,
,47.4359,-5.392629,,,,
,47.46032,-5.138507,,,,
,47.48474,-4.883335,,,,
,47.50916,-4.646238,,,,
,47.53358,-4.440795,,,,
,47.558,-4.233883,,,,
,47.58242,-3.992536,,,,
,47.60684,-3.727828,,,,
,47.63126,-3.468031,,,,
,47.65568,-3.246854,,,,
,47.6801,-3.092772,,,,
,47.70452,-3.013408,,,,
,47.72894,-2.98633,,,,
,47.75336,-2.954375,,,,
,47.77778,-2.887377,,,,
,47.8022,-2.833743,,,,
,47.82662,-2.805452,,,,
,47.85104,-2.783074,,,,
,47.87546,-2.705678,,,,
,47.89988,-2.61452,,,,
,47.9243,-2.569395,,,,
,47.94872,-2.513312,,,,
,47.97314,-2.474506,,,,
,47.99756,-2.41396,,,,
,48.02198,-2.242705,,,,
,48.0464,-2.01286,,,,
,48.07082,-1.822599,,,,
,48.09524,-1.669204,,,,
,48.11966,-1.629801,,,,
,48.14408,-1.732324,,,,
,48.1685,-1.812199,,,,
,48.19292,-1.845575,,,,
,48.21734,-1.906984,,,,
,48.24176,-1.958037,,,,
,48.26618,-2.003993,,,,
,48.2906,-2.027459,,,,
,48.31502,-2.047545,,,,
,48.33944,-2.04903,,,,
,48.36386,-2.045636,,,,
,48.38828,-2.085682,,,,
,48.4127,-2.114346,,,,
,48.43712,-2.13434,,,,
,48.46154,-2.157471,,,,
,48.48596,-2.18197,,,,
,48.51038,-2.186078,,,,
,48.5348,-2.201214,,,,
,48.55922,-2.21927,,,,
,48.58364,-2.207904,,,,
,48.60806,-2.227961,,,,
,48.63248,-2.237894,,,,
,48.6569,-2.226482,,,,
,48.68132,-2.215608,,,,
,48.70574,-2.218754,,,,
,48.73016,-2.226276,,,,
,48.75458,-2.178537,,,,
,48.779,-2.119949,,,,
,48.80342,-2.078606,,,,
,48.82784,-2.074539,,,,
,48.85226,-2.080979,,,,
,48.87668,-2.04598,,,,
,48.9011,-2.056398,,,,
,48.92552,-2.089562,,,,
,48.94994,-2.065332,,,,
,48.97436,-1.972478,,,,
,48.99878,-1.843215,,,,
,49.0232,-1.684689,,,,
,49.04762,-1.493452,,,,
,49.07204,-1.288484,,,,
,49.09646,-1.084592,,,,
,49.12088,-0.8088674,,,,
,49.1453,-0.518616,,,,
,49.16972,-0.2115566,,,,
,49.19414,0.1143721,,,,
,49.21856,0.4115448,,,,
,49.24298,0.6291832,,,,
,49.2674,0.8241304,,,,
,49.29182,1.010905,,,,
,49.31624,1.131538,,,,
,49.34066,1.261261,,,,
,49.36508,1.451184,,,,
,49.3895,1.647304,,,,
,49.41392,1.810768,,,,
,49.43834,1.973609,,,,
,49.46276,2.133915,,,,
,49.48718,2.240804,,,,
,49.5116,2.326361,,,,
,49.53602,2.404328,,,,
,49.56044,2.45833,,,,
,49.58486,2.469911,,,,
,49.60928,2.461333,,,,
,49.6337,2.532937,,,,
,49.65812,2.648654,,,,
,49.68254,2.734967,,,,
,49.70696,2.821719,,,,
,49.73138,2.929128,,,,
,49.7558,3.011572,,,,
,49.78022,3.084686,,,,
,49.80464,3.156057,,,,
,49.82906,3.20649,,,,
,49.85348,3.206951,,,,
,49.8779,3.177879,,,,
,49.90232,3.130532,,,,
,49.92674,3.019614,,,,
,49.95116,2.885856,,,,
,49.97558,2.86862,,,,
,50,2.874808,,,,